grid_cell,X_ELEMENT_,X_Axis_0_,X_Axis_1_,X_ENDC_CWE_,X_ENDC_RICHNESS_,Total_Specimens
0,'-352500:442500',-352500,442500,0.010109402,5,6
1,'-337500:442500',-337500,442500,0.002601415,2,2
2,'-307500:442500',-307500,442500,0.008764674,7,29
3,'-292500:442500',-292500,442500,0.026996016,28,265
4,'-262500:442500',-262500,442500,0.041457915,44,134
5,'-247500:442500',-247500,442500,0.107481388,11,27
6,'-232500:442500',-232500,442500,0.031410975,9,24
7,'-217500:442500',-217500,442500,0.013955438,9,26
8,'-202500:442500',-202500,442500,0.043478261,1,1
9,'-187500:442500',-187500,442500,0.133221821,11,15
10,'-172500:442500',-172500,442500,0.020833333,1,2
11,'-157500:442500',-157500,442500,0.009651356,10,40
12,'-142500:442500',-142500,442500,0.048743797,18,53
13,'-127500:442500',-127500,442500,0.035486273,15,22
14,'-82500:442500',-82500,442500,0.013888889,1,2
15,'-67500:442500',-67500,442500,0.03030303,1,2
16,'-37500:442500',-37500,442500,0.333333333,1,1
17,'-22500:442500',-22500,442500,0.015037564,17,48
18,'-7500:442500',-7500,442500,0.01539515,7,14
19,'-352500:427500',-352500,427500,0.010680689,26,375
20,'-337500:427500',-337500,427500,0.015389384,28,211
21,'-322500:427500',-322500,427500,0.008114144,10,37
22,'-307500:427500',-307500,427500,0.017065706,32,108
23,'-292500:427500',-292500,427500,0.011093668,2,4
24,'-277500:427500',-277500,427500,0.006750547,3,4
25,'-262500:427500',-262500,427500,0.029627932,16,20
26,'-247500:427500',-247500,427500,0.001265823,1,2
27,'-232500:427500',-232500,427500,0.012210475,19,32
28,'-217500:427500',-217500,427500,0.010687942,15,55
29,'-202500:427500',-202500,427500,0.01059294,10,18
30,'-187500:427500',-187500,427500,0.033583682,6,22
31,'-172500:427500',-172500,427500,0.046532677,69,319
32,'-157500:427500',-157500,427500,0.01737729,11,25
33,'-142500:427500',-142500,427500,0.075382204,27,90
34,'-127500:427500',-127500,427500,0.018079654,21,53
35,'-112500:427500',-112500,427500,0.031405187,42,130
36,'-37500:427500',-37500,427500,0.03371215,8,14
37,'-22500:427500',-22500,427500,0.016705602,39,160
38,'-7500:427500',-7500,427500,0.019538638,5,11
39,'-352500:412500',-352500,412500,0.090584566,17,113
40,'-337500:412500',-337500,412500,0.017977283,7,23
41,'-322500:412500',-322500,412500,0.015151515,1,1
42,'-292500:412500',-292500,412500,0.013888889,1,1
43,'-277500:412500',-277500,412500,0.013263239,13,34
44,'-262500:412500',-262500,412500,0.003937008,1,2
45,'-247500:412500',-247500,412500,0.006796402,4,5
46,'-232500:412500',-232500,412500,0.001265823,1,2
47,'-217500:412500',-217500,412500,0.033385169,57,242
48,'-202500:412500',-202500,412500,0.005235602,1,1
49,'-187500:412500',-187500,412500,0.028333344,12,35
50,'-172500:412500',-172500,412500,0.077348479,35,208
51,'-157500:412500',-157500,412500,0.01194656,7,8
52,'-142500:412500',-142500,412500,0.013818027,2,2
53,'-127500:412500',-127500,412500,0.035296842,33,81
54,'-112500:412500',-112500,412500,0.022823768,22,71
55,'-97500:412500',-97500,412500,0.008547009,1,1
56,'-52500:412500',-52500,412500,0.024390244,1,1
57,'-37500:412500',-37500,412500,0.01376341,15,33
58,'-22500:412500',-22500,412500,0.009240536,8,12
59,'-337500:397500',-337500,397500,0.010508263,10,34
60,'-322500:397500',-322500,397500,0.011107068,9,16
61,'-307500:397500',-307500,397500,0.017170834,23,50
62,'-277500:397500',-277500,397500,0.024106994,9,13
63,'-262500:397500',-262500,397500,0.010103196,7,38
64,'-247500:397500',-247500,397500,0.023340816,11,13
65,'-232500:397500',-232500,397500,0.04508865,6,9
66,'-217500:397500',-217500,397500,0.051271846,44,198
67,'-202500:397500',-202500,397500,0.027099205,18,42
68,'-187500:397500',-187500,397500,0.019918546,32,75
69,'-172500:397500',-172500,397500,0.02,1,1
70,'-157500:397500',-157500,397500,0.005518786,4,26
71,'-142500:397500',-142500,397500,0.010953497,3,3
72,'-127500:397500',-127500,397500,0.019681845,29,70
73,'-112500:397500',-112500,397500,0.020410056,4,5
74,'-97500:397500',-97500,397500,0.011772222,22,66
75,'-67500:397500',-67500,397500,0.012104944,14,32
76,'-52500:397500',-52500,397500,0.055555556,2,2
77,'-37500:397500',-37500,397500,0.025753645,19,57
78,'-22500:397500',-22500,397500,0.021583666,62,394
79,'-7500:397500',-7500,397500,0.01979883,7,22
80,'-337500:382500',-337500,382500,0.010534919,5,51
81,'-322500:382500',-322500,382500,0.006553828,2,5
82,'-307500:382500',-307500,382500,0.02264765,8,11
83,'-292500:382500',-292500,382500,0.027160534,12,14
84,'-277500:382500',-277500,382500,0.007736314,5,18
85,'-247500:382500',-247500,382500,0.024687144,22,58
86,'-232500:382500',-232500,382500,0.005376344,1,3
87,'-217500:382500',-217500,382500,0.012931683,4,7
88,'-202500:382500',-202500,382500,0.020908215,18,49
89,'-187500:382500',-187500,382500,0.010087767,13,109
90,'-172500:382500',-172500,382500,0.003111687,3,20
91,'-157500:382500',-157500,382500,0.007578395,7,13
92,'-142500:382500',-142500,382500,0.127353014,7,17
93,'-127500:382500',-127500,382500,0.00388761,4,29
94,'-97500:382500',-97500,382500,0.001265823,1,9
95,'-82500:382500',-82500,382500,0.023047003,15,21
96,'-67500:382500',-67500,382500,0.013878891,20,57
97,'-52500:382500',-52500,382500,0.032216543,23,50
98,'-37500:382500',-37500,382500,0.039651336,7,26
99,'-22500:382500',-22500,382500,0.005916713,6,25
100,'-7500:382500',-7500,382500,0.005770243,4,5
101,'-337500:367500',-337500,367500,0.034014014,38,793
102,'-292500:367500',-292500,367500,0.012332754,21,61
103,'-277500:367500',-277500,367500,0.006170185,2,10
104,'-262500:367500',-262500,367500,0.005008852,4,7
105,'-247500:367500',-247500,367500,0.007623966,11,35
106,'-232500:367500',-232500,367500,0.020517874,25,175
107,'-217500:367500',-217500,367500,0.036497539,21,48
108,'-202500:367500',-202500,367500,0.017987887,19,66
109,'-187500:367500',-187500,367500,0.02946648,64,860
110,'-172500:367500',-172500,367500,0.016394604,53,179
111,'-157500:367500',-157500,367500,0.026847084,34,301
112,'-142500:367500',-142500,367500,0.017478378,9,20
113,'-127500:367500',-127500,367500,0.004697952,2,7
114,'-82500:367500',-82500,367500,0.01567167,19,79
115,'-67500:367500',-67500,367500,0.005599847,8,11
116,'-37500:367500',-37500,367500,0.004476537,2,2
117,'-7500:367500',-7500,367500,0.009138486,2,11
118,'-352500:352500',-352500,352500,0.038638479,13,70
119,'-337500:352500',-337500,352500,0.012759854,6,50
120,'-322500:352500',-322500,352500,0.007769611,3,4
121,'-307500:352500',-307500,352500,0.018700452,8,19
122,'-292500:352500',-292500,352500,0.018483333,28,87
123,'-277500:352500',-277500,352500,0.016350365,8,18
124,'-262500:352500',-262500,352500,0.010272457,6,19
125,'-247500:352500',-247500,352500,0.017502729,25,32
126,'-232500:352500',-232500,352500,0.021795862,24,122
127,'-217500:352500',-217500,352500,0.016721101,12,64
128,'-202500:352500',-202500,352500,0.017096862,16,77
129,'-187500:352500',-187500,352500,0.067374423,20,53
130,'-172500:352500',-172500,352500,0.016129032,1,2
131,'-157500:352500',-157500,352500,0.015625,1,1
132,'-142500:352500',-142500,352500,0.018462393,20,38
133,'-127500:352500',-127500,352500,0.004697952,2,5
134,'-97500:352500',-97500,352500,0.004633141,4,20
135,'-82500:352500',-82500,352500,0.019049317,19,49
136,'-67500:352500',-67500,352500,0.005586592,1,1
137,'-52500:352500',-52500,352500,0.00567532,3,16
138,'-37500:352500',-37500,352500,0.023219007,20,37
139,'-22500:352500',-22500,352500,0.009948332,14,214
140,'-7500:352500',-7500,352500,0.012820513,1,1
141,'-352500:337500',-352500,337500,0.019540038,24,223
142,'-337500:337500',-337500,337500,0.010934506,13,50
143,'-322500:337500',-322500,337500,0.004834592,2,3
144,'-307500:337500',-307500,337500,0.006284064,6,21
145,'-292500:337500',-292500,337500,0.013495505,8,8
146,'-277500:337500',-277500,337500,0.008170468,8,9
147,'-262500:337500',-262500,337500,0.00404844,4,12
148,'-247500:337500',-247500,337500,0.031116035,114,1132
149,'-232500:337500',-232500,337500,0.028393277,150,586
150,'-217500:337500',-217500,337500,0.003400596,8,14
151,'-202500:337500',-202500,337500,0.016257911,2,11
152,'-187500:337500',-187500,337500,0.002118644,1,3
153,'-172500:337500',-172500,337500,0.012174396,6,31
154,'-157500:337500',-157500,337500,0.564224138,4,6
155,'-142500:337500',-142500,337500,0.094315229,13,28
156,'-127500:337500',-127500,337500,0.004625747,9,45
157,'-112500:337500',-112500,337500,0.045875812,11,26
158,'-97500:337500',-97500,337500,0.020596883,5,9
159,'-82500:337500',-82500,337500,0.01026563,4,24
160,'-37500:337500',-37500,337500,0.01612198,15,58
161,'-352500:322500',-352500,322500,0.066541666,41,443
162,'-337500:322500',-337500,322500,0.021855966,39,189
163,'-322500:322500',-322500,322500,0.014275546,7,15
164,'-307500:322500',-307500,322500,0.003362429,2,2
165,'-292500:322500',-292500,322500,0.009827253,12,13
166,'-262500:322500',-262500,322500,0.005161192,8,29
167,'-247500:322500',-247500,322500,0.032840716,38,105
168,'-232500:322500',-232500,322500,0.019062916,64,219
169,'-202500:322500',-202500,322500,0.001850702,3,6
170,'-187500:322500',-187500,322500,0.00653499,4,4
171,'-172500:322500',-172500,322500,0.010393451,3,5
172,'-157500:322500',-157500,322500,0.0253162,15,74
173,'-142500:322500',-142500,322500,0.019746738,27,102
174,'-127500:322500',-127500,322500,0.034548656,47,260
175,'-52500:322500',-52500,322500,0.25,1,1
176,'-37500:322500',-37500,322500,0.117465285,25,134
177,'-367500:307500',-367500,307500,0.027777778,1,6
178,'-352500:307500',-352500,307500,0.00947252,11,32
179,'-337500:307500',-337500,307500,0.01176156,22,128
180,'-322500:307500',-322500,307500,0.009565692,11,28
181,'-307500:307500',-307500,307500,0.016674386,2,3
182,'-292500:307500',-292500,307500,0.002601415,2,12
183,'-277500:307500',-277500,307500,0.004833367,3,8
184,'-262500:307500',-262500,307500,0.006519596,16,121
185,'-247500:307500',-247500,307500,0.018757067,23,74
186,'-232500:307500',-232500,307500,0.008347894,5,11
187,'-217500:307500',-217500,307500,0.008788599,11,18
188,'-202500:307500',-202500,307500,0.031601548,22,114
189,'-187500:307500',-187500,307500,0.001579881,2,74
190,'-172500:307500',-172500,307500,0.043006662,26,83
191,'-157500:307500',-157500,307500,0.025349546,9,11
192,'-142500:307500',-142500,307500,0.00434973,7,15
193,'-127500:307500',-127500,307500,0.027441902,71,423
194,'-97500:307500',-97500,307500,0.076047267,13,66
195,'-67500:307500',-67500,307500,0.023527578,24,56
196,'-52500:307500',-52500,307500,0.014277259,4,5
197,'-37500:307500',-37500,307500,0.079007082,32,105
198,'-22500:307500',-22500,307500,0.008020694,5,11
199,'-367500:292500',-367500,292500,0.019838626,5,8
200,'-352500:292500',-352500,292500,0.006300894,5,30
201,'-337500:292500',-337500,292500,0.027375303,3,3
202,'-277500:292500',-277500,292500,0.007648818,11,21
203,'-262500:292500',-262500,292500,0.03608341,74,190
204,'-247500:292500',-247500,292500,0.008212952,12,23
205,'-232500:292500',-232500,292500,0.046489246,13,29
206,'-217500:292500',-217500,292500,0.025663202,25,142
207,'-202500:292500',-202500,292500,0.010423223,26,68
208,'-187500:292500',-187500,292500,0.007776357,7,32
209,'-157500:292500',-157500,292500,0.007987977,5,6
210,'-142500:292500',-142500,292500,0.005404526,5,8
211,'-127500:292500',-127500,292500,0.017486658,33,309
212,'-112500:292500',-112500,292500,0.01769356,6,19
213,'-97500:292500',-97500,292500,0.022779636,10,12
214,'-82500:292500',-82500,292500,0.019337586,23,59
215,'-67500:292500',-67500,292500,0.012651433,25,65
216,'-52500:292500',-52500,292500,0.01212451,25,82
217,'-37500:292500',-37500,292500,0.239709781,9,19
218,'-22500:292500',-22500,292500,0.007810348,5,8
219,'-367500:277500',-367500,277500,0.008130081,1,1
220,'-352500:277500',-352500,277500,0.027544775,9,16
221,'-337500:277500',-337500,277500,0.009743878,25,133
222,'-322500:277500',-322500,277500,0.006436686,5,8
223,'-307500:277500',-307500,277500,0.007092199,1,1
224,'-292500:277500',-292500,277500,0.003937008,1,1
225,'-277500:277500',-277500,277500,0.005066688,4,9
226,'-262500:277500',-262500,277500,0.007182196,5,11
227,'-217500:277500',-217500,277500,0.010857798,5,17
228,'-202500:277500',-202500,277500,0.009401408,4,5
229,'-187500:277500',-187500,277500,0.007692353,4,5
230,'-172500:277500',-172500,277500,0.021809116,9,42
231,'-157500:277500',-157500,277500,0.038948455,41,174
232,'-142500:277500',-142500,277500,0.017515196,27,151
233,'-127500:277500',-127500,277500,0.030596173,64,449
234,'-112500:277500',-112500,277500,0.007515702,10,34
235,'-97500:277500',-97500,277500,0.013276192,13,57
236,'-82500:277500',-82500,277500,0.020558494,46,213
237,'-67500:277500',-67500,277500,0.002275994,3,3
238,'-37500:277500',-37500,277500,0.032616022,7,13
239,'-22500:277500',-22500,277500,0.009193523,5,8
240,'-367500:262500',-367500,262500,0.01996313,3,3
241,'-352500:262500',-352500,262500,0.027704211,14,58
242,'-337500:262500',-337500,262500,0.019418012,16,65
243,'-322500:262500',-322500,262500,0.016912582,11,33
244,'-307500:262500',-307500,262500,0.003258325,6,12
245,'-292500:262500',-292500,262500,0.010177474,4,4
246,'-277500:262500',-277500,262500,0.010938153,5,11
247,'-247500:262500',-247500,262500,0.007632953,3,3
248,'-202500:262500',-202500,262500,0.004248745,4,9
249,'-187500:262500',-187500,262500,0.017850482,4,9
250,'-172500:262500',-172500,262500,0.00784934,9,20
251,'-157500:262500',-157500,262500,0.085640518,10,41
252,'-142500:262500',-142500,262500,0.025640001,25,39
253,'-127500:262500',-127500,262500,0.048945484,26,42
254,'-112500:262500',-112500,262500,0.006201244,12,91
255,'-97500:262500',-97500,262500,0.070469078,36,110
256,'-82500:262500',-82500,262500,0.003479461,4,16
257,'-67500:262500',-67500,262500,0.004132231,1,1
258,'-52500:262500',-52500,262500,0.008634553,15,25
259,'-37500:262500',-37500,262500,0.054651648,13,22
260,'-22500:262500',-22500,262500,0.008104142,6,16
261,'-352500:247500',-352500,247500,0.011940751,3,3
262,'-337500:247500',-337500,247500,0.005943602,4,11
263,'-322500:247500',-322500,247500,0.014183027,37,122
264,'-307500:247500',-307500,247500,0.019484555,28,89
265,'-292500:247500',-292500,247500,0.008230924,11,21
266,'-247500:247500',-247500,247500,0.010906505,10,18
267,'-187500:247500',-187500,247500,0.022408513,9,33
268,'-127500:247500',-127500,247500,0.007249754,2,2
269,'-112500:247500',-112500,247500,0.006545455,2,5
270,'-97500:247500',-97500,247500,0.011990163,43,102
271,'-82500:247500',-82500,247500,0.005284225,6,20
272,'-52500:247500',-52500,247500,0.001893939,1,1
273,'-37500:247500',-37500,247500,0.020781621,4,12
274,'-22500:247500',-22500,247500,0.066701681,2,4
275,'-352500:232500',-352500,232500,0.005680617,11,97
276,'-337500:232500',-337500,232500,0.007062723,10,88
277,'-322500:232500',-322500,232500,0.020092761,17,30
278,'-307500:232500',-307500,232500,0.020545315,2,2
279,'-292500:232500',-292500,232500,0.005208333,1,1
280,'-262500:232500',-262500,232500,0.020459601,3,3
281,'-247500:232500',-247500,232500,0.001265823,1,3
282,'-232500:232500',-232500,232500,0.001265823,1,2
283,'-217500:232500',-217500,232500,0.002596732,2,8
284,'-187500:232500',-187500,232500,0.013870522,22,40
285,'-157500:232500',-157500,232500,0.002118644,1,4
286,'-127500:232500',-127500,232500,0.007093113,5,8
287,'-112500:232500',-112500,232500,0.002245671,2,7
288,'-97500:232500',-97500,232500,0.011191649,15,41
289,'-82500:232500',-82500,232500,0.009739658,21,40
290,'-67500:232500',-67500,232500,0.002601415,2,13
291,'-52500:232500',-52500,232500,0.004,1,3
292,'-37500:232500',-37500,232500,0.004787949,3,4
293,'-22500:232500',-22500,232500,0.003624003,3,8
294,'-7500:232500',-7500,232500,0.0101068,6,8
295,'-337500:217500',-337500,217500,0.017617863,6,8
296,'-322500:217500',-322500,217500,0.005405426,9,49
297,'-307500:217500',-307500,217500,0.009090909,1,1
298,'-292500:217500',-292500,217500,0.066666667,1,4
299,'-262500:217500',-262500,217500,0.005694907,11,82
300,'-247500:217500',-247500,217500,0.002597403,1,1
301,'-217500:217500',-217500,217500,0.002824051,3,16
302,'-172500:217500',-172500,217500,0.019395978,19,43
303,'-127500:217500',-127500,217500,0.018283748,20,86
304,'-112500:217500',-112500,217500,0.00997556,23,84
305,'-97500:217500',-97500,217500,0.078497995,58,215
306,'-82500:217500',-82500,217500,0.026464901,109,1879
307,'-67500:217500',-67500,217500,0.021615463,25,74
308,'-52500:217500',-52500,217500,0.002430665,3,67
309,'-37500:217500',-37500,217500,0.009019082,2,3
310,'-22500:217500',-22500,217500,0.006369427,1,1
311,'-7500:217500',-7500,217500,0.033592404,13,32
312,'-322500:202500',-322500,202500,0.005434783,1,1
313,'-307500:202500',-307500,202500,0.009963062,23,196
314,'-292500:202500',-292500,202500,0.001579881,2,3
315,'-277500:202500',-277500,202500,0.016136573,11,27
316,'-262500:202500',-262500,202500,0.009366985,18,205
317,'-247500:202500',-247500,202500,0.017870878,15,28
318,'-232500:202500',-232500,202500,0.008715482,11,25
319,'-172500:202500',-172500,202500,0.032511763,17,31
320,'-157500:202500',-157500,202500,0.024606523,5,5
321,'-142500:202500',-142500,202500,0.043114027,7,43
322,'-127500:202500',-127500,202500,0.013430461,18,102
323,'-112500:202500',-112500,202500,0.00967258,5,7
324,'-97500:202500',-97500,202500,0.022367542,65,415
325,'-82500:202500',-82500,202500,0.083483253,28,75
326,'-67500:202500',-67500,202500,0.009799549,12,27
327,'-52500:202500',-52500,202500,0.015998206,22,51
328,'-37500:202500',-37500,202500,0.023827334,24,78
329,'-22500:202500',-22500,202500,0.0132606,6,12
330,'-7500:202500',-7500,202500,0.043611959,70,419
331,'-322500:187500',-322500,187500,0.003321083,2,5
332,'-307500:187500',-307500,187500,0.005200957,12,170
333,'-292500:187500',-292500,187500,0.011595917,7,12
334,'-277500:187500',-277500,187500,0.002778834,2,16
335,'-262500:187500',-262500,187500,0.00420434,2,4
336,'-247500:187500',-247500,187500,0.020635959,37,130
337,'-232500:187500',-232500,187500,0.004630357,9,59
338,'-217500:187500',-217500,187500,0.001893939,1,2
339,'-202500:187500',-202500,187500,0.024390244,1,7
340,'-187500:187500',-187500,187500,0.006941417,14,108
341,'-172500:187500',-172500,187500,0.021523565,13,31
342,'-157500:187500',-157500,187500,0.011915734,15,38
343,'-142500:187500',-142500,187500,0.008449309,20,74
344,'-127500:187500',-127500,187500,0.005700854,22,59
345,'-112500:187500',-112500,187500,0.005290366,6,17
346,'-97500:187500',-97500,187500,0.00403462,2,20
347,'-82500:187500',-82500,187500,0.006412467,5,13
348,'-67500:187500',-67500,187500,0.016311093,6,30
349,'-52500:187500',-52500,187500,0.039490696,76,323
350,'-37500:187500',-37500,187500,0.0121744,12,39
351,'-22500:187500',-22500,187500,0.024266319,21,218
352,'-7500:187500',-7500,187500,0.041291134,35,133
353,'-322500:172500',-322500,172500,0.062045407,21,156
354,'-292500:172500',-292500,172500,0.013810274,30,173
355,'-247500:172500',-247500,172500,0.006612164,5,8
356,'-232500:172500',-232500,172500,0.001265823,1,1
357,'-217500:172500',-217500,172500,0.002041506,3,6
358,'-202500:172500',-202500,172500,0.005219777,5,8
359,'-187500:172500',-187500,172500,0.017038605,14,29
360,'-172500:172500',-172500,172500,0.010557917,11,33
361,'-157500:172500',-157500,172500,0.006790725,6,13
362,'-127500:172500',-127500,172500,0.017688642,25,53
363,'-112500:172500',-112500,172500,0.004850358,5,8
364,'-97500:172500',-97500,172500,0.009677714,8,20
365,'-82500:172500',-82500,172500,0.018165994,5,9
366,'-67500:172500',-67500,172500,0.008472933,13,96
367,'-52500:172500',-52500,172500,0.018696483,30,99
368,'-37500:172500',-37500,172500,0.03501577,104,522
369,'-22500:172500',-22500,172500,0.015294601,33,83
370,'-7500:172500',-7500,172500,0.007891414,2,3
371,'-322500:157500',-322500,157500,0.016446827,22,150
372,'-307500:157500',-307500,157500,0.264705882,2,14
373,'-292500:157500',-292500,157500,0.014745162,23,70
374,'-277500:157500',-277500,157500,0.029712699,13,61
375,'-262500:157500',-262500,157500,0.002902891,3,14
376,'-247500:157500',-247500,157500,0.011230166,14,26
377,'-232500:157500',-232500,157500,0.003506107,5,16
378,'-217500:157500',-217500,157500,0.017923649,23,61
379,'-187500:157500',-187500,157500,0.003610108,1,1
380,'-172500:157500',-172500,157500,0.004712464,2,2
381,'-142500:157500',-142500,157500,0.011123641,6,8
382,'-127500:157500',-127500,157500,0.012439699,4,14
383,'-112500:157500',-112500,157500,0.003636457,5,11
384,'-97500:157500',-97500,157500,0.088410089,4,56
385,'-82500:157500',-82500,157500,0.008418897,7,15
386,'-67500:157500',-67500,157500,0.014768247,15,18
387,'-52500:157500',-52500,157500,0.018301393,6,6
388,'-37500:157500',-37500,157500,0.032929656,31,81
389,'-22500:157500',-22500,157500,0.045852111,141,2378
390,'-7500:157500',-7500,157500,0.036788326,111,1113
391,'-322500:142500',-322500,142500,0.013186058,21,172
392,'-307500:142500',-307500,142500,0.016654529,7,39
393,'-292500:142500',-292500,142500,0.008130081,1,1
394,'-277500:142500',-277500,142500,0.012382858,13,22
395,'-262500:142500',-262500,142500,0.012300939,13,44
396,'-247500:142500',-247500,142500,0.026138216,14,24
397,'-232500:142500',-232500,142500,0.023441611,3,11
398,'-217500:142500',-217500,142500,0.013432703,11,25
399,'-202500:142500',-202500,142500,0.029837093,5,28
400,'-187500:142500',-187500,142500,0.003322964,2,2
401,'-157500:142500',-157500,142500,0.012288186,9,11
402,'-142500:142500',-142500,142500,0.006896552,1,4
403,'-112500:142500',-112500,142500,0.014644844,20,173
404,'-97500:142500',-97500,142500,0.02120537,7,27
405,'-82500:142500',-82500,142500,0.007367374,19,40
406,'-67500:142500',-67500,142500,0.019995882,26,93
407,'-52500:142500',-52500,142500,0.021841546,67,216
408,'-37500:142500',-37500,142500,0.015819444,19,100
409,'-22500:142500',-22500,142500,0.034372207,84,481
410,'-7500:142500',-7500,142500,0.013985412,26,199
411,'-307500:127500',-307500,127500,0.026740717,9,14
412,'-292500:127500',-292500,127500,0.006506651,2,2
413,'-277500:127500',-277500,127500,0.012394211,39,152
414,'-262500:127500',-262500,127500,0.016297328,48,198
415,'-247500:127500',-247500,127500,0.050102587,28,84
416,'-232500:127500',-232500,127500,0.021310253,13,55
417,'-217500:127500',-217500,127500,0.01334904,4,6
418,'-202500:127500',-202500,127500,0.025340083,12,21
419,'-187500:127500',-187500,127500,0.253537063,4,4
420,'-172500:127500',-172500,127500,0.014147408,18,92
421,'-157500:127500',-157500,127500,0.026649801,10,21
422,'-142500:127500',-142500,127500,0.006279145,10,28
423,'-127500:127500',-127500,127500,0.031011602,6,30
424,'-112500:127500',-112500,127500,0.004048583,1,1
425,'-97500:127500',-97500,127500,0.028436082,20,83
426,'-82500:127500',-82500,127500,0.022723911,27,121
427,'-67500:127500',-67500,127500,0.024956385,135,702
428,'-52500:127500',-52500,127500,0.251422684,6,38
429,'-37500:127500',-37500,127500,0.019950134,5,6
430,'-22500:127500',-22500,127500,0.02637315,28,158
431,'-7500:127500',-7500,127500,0.033524463,122,801
432,'-322500:112500',-322500,112500,0.037217877,9,64
433,'-307500:112500',-307500,112500,0.004597595,3,12
434,'-292500:112500',-292500,112500,0.010027954,7,23
435,'-262500:112500',-262500,112500,0.0167029,35,549
436,'-247500:112500',-247500,112500,0.023412432,45,127
437,'-232500:112500',-232500,112500,0.038434094,19,29
438,'-217500:112500',-217500,112500,0.118812381,19,58
439,'-202500:112500',-202500,112500,0.010119542,10,17
440,'-187500:112500',-187500,112500,0.010391811,6,7
441,'-172500:112500',-172500,112500,0.006683373,11,38
442,'-157500:112500',-157500,112500,0.002951391,5,10
443,'-142500:112500',-142500,112500,0.013604299,10,26
444,'-127500:112500',-127500,112500,0.014990055,12,32
445,'-112500:112500',-112500,112500,0.003721425,2,4
446,'-97500:112500',-97500,112500,0.001579881,2,8
447,'-82500:112500',-82500,112500,0.048936249,44,121
448,'-67500:112500',-67500,112500,0.087761809,48,97
449,'-52500:112500',-52500,112500,0.009535584,4,14
450,'-22500:112500',-22500,112500,0.011846496,2,2
451,'-7500:112500',-7500,112500,0.028623668,28,131
452,'-307500:97500',-307500,97500,0.005376344,1,3
453,'-277500:97500',-277500,97500,0.028083152,10,23
454,'-262500:97500',-262500,97500,0.00693614,14,24
455,'-247500:97500',-247500,97500,0.015435024,4,4
456,'-232500:97500',-232500,97500,0.022497922,41,89
457,'-217500:97500',-217500,97500,0.023670733,3,4
458,'-202500:97500',-202500,97500,0.020173456,24,42
459,'-187500:97500',-187500,97500,0.03306175,38,134
460,'-172500:97500',-172500,97500,0.00955082,7,13
461,'-157500:97500',-157500,97500,0.014492754,1,4
462,'-142500:97500',-142500,97500,0.009336092,11,41
463,'-112500:97500',-112500,97500,0.014315071,16,31
464,'-97500:97500',-97500,97500,0.044340603,55,285
465,'-82500:97500',-82500,97500,0.013373032,19,75
466,'-67500:97500',-67500,97500,0.033021021,17,59
467,'-52500:97500',-52500,97500,0.014446009,34,447
468,'-37500:97500',-37500,97500,0.019998845,21,116
469,'-22500:97500',-22500,97500,0.019531217,25,90
470,'-7500:97500',-7500,97500,0.062842161,118,1013
471,'7500:97500',7500,97500,0.010705007,13,24
472,'22500:97500',22500,97500,0.005464581,4,8
473,'-307500:82500',-307500,82500,0.003635142,2,15
474,'-292500:82500',-292500,82500,0.00729927,1,1
475,'-262500:82500',-262500,82500,0.004132231,1,1
476,'-247500:82500',-247500,82500,0.00660911,9,21
477,'-232500:82500',-232500,82500,0.024101011,53,224
478,'-217500:82500',-217500,82500,0.040751913,20,51
479,'-202500:82500',-202500,82500,0.007194245,1,1
480,'-187500:82500',-187500,82500,0.008128399,8,18
481,'-172500:82500',-172500,82500,0.01461233,15,24
482,'-157500:82500',-157500,82500,0.0210418,16,26
483,'-142500:82500',-142500,82500,0.033228241,6,7
484,'-127500:82500',-127500,82500,0.012822402,2,4
485,'-112500:82500',-112500,82500,0.025592705,10,14
486,'-97500:82500',-97500,82500,0.013345191,15,126
487,'-82500:82500',-82500,82500,0.013251586,61,143
488,'-67500:82500',-67500,82500,0.013324906,53,236
489,'-52500:82500',-52500,82500,0.033662766,100,442
490,'-37500:82500',-37500,82500,0.016075845,51,249
491,'-22500:82500',-22500,82500,0.019598274,49,298
492,'-7500:82500',-7500,82500,0.02112531,51,181
493,'7500:82500',7500,82500,0.036643487,102,688
494,'22500:82500',22500,82500,0.015844409,36,88
495,'37500:82500',37500,82500,0.004132231,1,1
496,'-292500:67500',-292500,67500,0.042203324,19,63
497,'-262500:67500',-262500,67500,0.027817914,43,74
498,'-247500:67500',-247500,67500,0.026208482,76,226
499,'-232500:67500',-232500,67500,0.012073624,42,394
500,'-217500:67500',-217500,67500,0.02353171,112,990
501,'-202500:67500',-202500,67500,0.034219102,59,271
502,'-187500:67500',-187500,67500,0.028182939,13,34
503,'-172500:67500',-172500,67500,0.015545402,13,34
504,'-157500:67500',-157500,67500,0.047378258,151,1726
505,'-142500:67500',-142500,67500,0.016702935,19,42
506,'-127500:67500',-127500,67500,0.019424946,69,324
507,'-112500:67500',-112500,67500,0.012631029,31,158
508,'-97500:67500',-97500,67500,0.015187111,34,135
509,'-82500:67500',-82500,67500,0.00895061,28,68
510,'-67500:67500',-67500,67500,0.019468123,20,58
511,'-52500:67500',-52500,67500,0.028440401,10,23
512,'-37500:67500',-37500,67500,0.026314962,9,34
513,'-22500:67500',-22500,67500,0.032826004,7,11
514,'-7500:67500',-7500,67500,0.050845049,24,117
515,'7500:67500',7500,67500,0.046638942,44,151
516,'22500:67500',22500,67500,0.014107677,33,109
517,'37500:67500',37500,67500,0.023292483,47,217
518,'52500:67500',52500,67500,0.127793296,2,3
519,'-277500:52500',-277500,52500,0.007324502,12,74
520,'-262500:52500',-262500,52500,0.033087181,46,267
521,'-247500:52500',-247500,52500,0.017675625,27,75
522,'-232500:52500',-232500,52500,0.030963525,14,80
523,'-217500:52500',-217500,52500,0.016569547,31,73
524,'-202500:52500',-202500,52500,0.014095733,54,434
525,'-187500:52500',-187500,52500,0.025373715,90,1081
526,'-172500:52500',-172500,52500,0.020886177,60,186
527,'-157500:52500',-157500,52500,0.024294199,50,119
528,'-142500:52500',-142500,52500,0.045426668,36,732
529,'-127500:52500',-127500,52500,0.020215446,97,3060
530,'-112500:52500',-112500,52500,0.022548596,21,28
531,'-97500:52500',-97500,52500,0.00594321,8,25
532,'-82500:52500',-82500,52500,0.014894304,9,20
533,'-67500:52500',-67500,52500,0.009899213,21,141
534,'-52500:52500',-52500,52500,0.028916576,63,183
535,'-37500:52500',-37500,52500,0.018285316,19,51
536,'-22500:52500',-22500,52500,0.015432927,5,8
537,'-7500:52500',-7500,52500,0.038258582,53,104
538,'7500:52500',7500,52500,0.034445582,8,20
539,'22500:52500',22500,52500,0.03128538,39,83
540,'37500:52500',37500,52500,0.040964503,20,39
541,'52500:52500',52500,52500,0.070846304,57,229
542,'67500:52500',67500,52500,0.009437142,2,5
543,'-262500:37500',-262500,37500,0.025675701,24,136
544,'-247500:37500',-247500,37500,0.015958953,5,9
545,'-232500:37500',-232500,37500,0.029087426,12,33
546,'-217500:37500',-217500,37500,0.023866642,75,614
547,'-202500:37500',-202500,37500,0.025724829,15,39
548,'-187500:37500',-187500,37500,0.012475661,36,116
549,'-172500:37500',-172500,37500,0.01103058,29,64
550,'-157500:37500',-157500,37500,0.107071919,28,155
551,'-142500:37500',-142500,37500,0.019443214,80,4637
552,'-127500:37500',-127500,37500,0.031286823,82,2450
553,'-112500:37500',-112500,37500,0.078034348,7,10
554,'-82500:37500',-82500,37500,0.013199033,19,43
555,'-67500:37500',-67500,37500,0.048655591,28,136
556,'-52500:37500',-52500,37500,0.00438054,21,326
557,'-37500:37500',-37500,37500,0.008705049,23,484
558,'-22500:37500',-22500,37500,0.007433543,6,12
559,'-7500:37500',-7500,37500,0.01334648,17,24
560,'7500:37500',7500,37500,0.037337521,79,1357
561,'22500:37500',22500,37500,0.03963088,122,2090
562,'37500:37500',37500,37500,0.059513915,164,1984
563,'52500:37500',52500,37500,0.055127961,32,106
564,'67500:37500',67500,37500,0.009130007,4,8
565,'-262500:22500',-262500,22500,0.06059597,22,284
566,'-247500:22500',-247500,22500,0.016515111,12,48
567,'-232500:22500',-232500,22500,0.010114335,8,16
568,'-217500:22500',-217500,22500,0.016038962,12,76
569,'-202500:22500',-202500,22500,0.005942274,6,10
570,'-187500:22500',-187500,22500,0.022297876,57,147
571,'-172500:22500',-172500,22500,0.019356564,20,62
572,'-157500:22500',-157500,22500,0.027105987,3,4
573,'-142500:22500',-142500,22500,0.025649528,29,125
574,'-127500:22500',-127500,22500,0.005117558,6,12
575,'-112500:22500',-112500,22500,0.021704359,8,37
576,'-97500:22500',-97500,22500,0.013237642,7,22
577,'-82500:22500',-82500,22500,0.052631579,1,6
578,'-67500:22500',-67500,22500,0.014569686,7,13
579,'-52500:22500',-52500,22500,0.007342493,8,10
580,'-37500:22500',-37500,22500,0.00959066,29,76
581,'-22500:22500',-22500,22500,0.015362602,41,127
582,'-7500:22500',-7500,22500,0.026471348,114,1064
583,'7500:22500',7500,22500,0.025046857,123,1169
584,'22500:22500',22500,22500,0.007434264,17,1413
585,'37500:22500',37500,22500,0.008868798,7,73
586,'52500:22500',52500,22500,0.005802514,2,2
587,'67500:22500',67500,22500,0.04990878,24,186
588,'82500:22500',82500,22500,0.151150025,8,58
589,'97500:22500',97500,22500,0.025291375,2,3
590,'-262500:7500',-262500,7500,0.037536945,42,768
591,'-247500:7500',-247500,7500,0.044233982,93,1823
592,'-232500:7500',-232500,7500,0.027846072,68,1249
593,'-217500:7500',-217500,7500,0.01951897,21,49
594,'-202500:7500',-202500,7500,0.00627436,17,47
595,'-187500:7500',-187500,7500,0.012953236,29,206
596,'-172500:7500',-172500,7500,0.01356713,21,127
597,'-157500:7500',-157500,7500,0.063348107,178,1652
598,'-142500:7500',-142500,7500,0.019638838,28,119
599,'-112500:7500',-112500,7500,0.030716926,21,137
600,'-97500:7500',-97500,7500,0.004991486,2,13
601,'-82500:7500',-82500,7500,0.005251773,6,13
602,'-67500:7500',-67500,7500,0.006344019,4,10
603,'-52500:7500',-52500,7500,0.217931391,17,41
604,'-37500:7500',-37500,7500,0.015371927,43,129
605,'-22500:7500',-22500,7500,0.030189654,35,98
606,'-7500:7500',-7500,7500,0.03246291,58,185
607,'7500:7500',7500,7500,0.046565051,52,3130
608,'22500:7500',22500,7500,0.014623521,16,47
609,'52500:7500',52500,7500,0.038369149,6,9
610,'67500:7500',67500,7500,0.031785369,44,101
611,'82500:7500',82500,7500,0.041026435,41,104
612,'97500:7500',97500,7500,0.155487549,9,9
613,'-247500:-7500',-247500,-7500,0.005043449,2,2
614,'-232500:-7500',-232500,-7500,0.034400398,150,15133
615,'-217500:-7500',-217500,-7500,0.046960513,102,2001
616,'-202500:-7500',-202500,-7500,0.066765752,195,3757
617,'-187500:-7500',-187500,-7500,0.032238184,128,2605
618,'-172500:-7500',-172500,-7500,0.032040753,192,1164
619,'-157500:-7500',-157500,-7500,0.049592111,92,1431
620,'-142500:-7500',-142500,-7500,0.021805402,23,434
621,'-127500:-7500',-127500,-7500,0.144535034,8,17
622,'-112500:-7500',-112500,-7500,0.023060724,27,79
623,'-97500:-7500',-97500,-7500,0.002118644,1,5
624,'-82500:-7500',-82500,-7500,0.003289474,1,1
625,'-52500:-7500',-52500,-7500,0.033627472,9,15
626,'-37500:-7500',-37500,-7500,0.011810395,31,76
627,'-22500:-7500',-22500,-7500,0.021017796,62,1121
628,'-7500:-7500',-7500,-7500,0.02522889,59,245
629,'7500:-7500',7500,-7500,0.053967713,402,31194
630,'22500:-7500',22500,-7500,0.025017067,83,1966
631,'37500:-7500',37500,-7500,0.027652432,17,33
632,'52500:-7500',52500,-7500,0.029703519,30,65
633,'67500:-7500',67500,-7500,0.044851576,66,549
634,'82500:-7500',82500,-7500,0.051852214,225,8911
635,'97500:-7500',97500,-7500,0.024435505,58,801
636,'112500:-7500',112500,-7500,0.018018407,5,18
637,'142500:-7500',142500,-7500,0.029040404,2,17
638,'-217500:-22500',-217500,-22500,0.078440082,79,1316
639,'-202500:-22500',-202500,-22500,0.02116618,62,343
640,'-187500:-22500',-187500,-22500,0.043654415,122,795
641,'-172500:-22500',-172500,-22500,0.021465215,109,416
642,'-157500:-22500',-157500,-22500,0.016929714,25,208
643,'-142500:-22500',-142500,-22500,0.020229489,23,184
644,'-127500:-22500',-127500,-22500,0.043301218,38,213
645,'-112500:-22500',-112500,-22500,0.013651327,6,12
646,'-97500:-22500',-97500,-22500,0.019761623,6,34
647,'-82500:-22500',-82500,-22500,0.015986864,24,270
648,'-67500:-22500',-67500,-22500,0.010987341,22,216
649,'-52500:-22500',-52500,-22500,0.023746592,22,121
650,'-37500:-22500',-37500,-22500,0.039344055,37,282
651,'-22500:-22500',-22500,-22500,0.006923365,18,151
652,'-7500:-22500',-7500,-22500,0.039771415,89,549
653,'7500:-22500',7500,-22500,0.022490884,69,382
654,'22500:-22500',22500,-22500,0.030251373,24,182
655,'37500:-22500',37500,-22500,0.030639525,146,649
656,'52500:-22500',52500,-22500,0.038486883,63,777
657,'67500:-22500',67500,-22500,0.038488006,21,158
658,'82500:-22500',82500,-22500,0.029716064,45,111
659,'97500:-22500',97500,-22500,0.020785865,11,17
660,'112500:-22500',112500,-22500,0.024390244,1,1
661,'127500:-22500',127500,-22500,0.12887101,20,42
662,'142500:-22500',142500,-22500,0.058106999,6,16
663,'-217500:-37500',-217500,-37500,0.019167709,58,571
664,'-202500:-37500',-202500,-37500,0.009941723,6,9
665,'-187500:-37500',-187500,-37500,0.013496758,19,130
666,'-172500:-37500',-172500,-37500,0.021568635,60,225
667,'-157500:-37500',-157500,-37500,0.084082,23,45
668,'-142500:-37500',-142500,-37500,0.046906853,74,249
669,'-127500:-37500',-127500,-37500,0.05886454,25,117
670,'-112500:-37500',-112500,-37500,0.018859378,11,32
671,'-82500:-37500',-82500,-37500,0.009219477,29,120
672,'-67500:-37500',-67500,-37500,0.0039621,3,23
673,'-52500:-37500',-52500,-37500,0.026311249,3,3
674,'-37500:-37500',-37500,-37500,0.02368469,36,117
675,'-22500:-37500',-22500,-37500,0.005154911,7,24
676,'-7500:-37500',-7500,-37500,0.020780394,19,80
677,'7500:-37500',7500,-37500,0.026662281,22,73
678,'22500:-37500',22500,-37500,0.025019854,171,1745
679,'37500:-37500',37500,-37500,0.025640509,138,1723
680,'52500:-37500',52500,-37500,0.050199703,62,1011
681,'67500:-37500',67500,-37500,0.00954342,11,26
682,'82500:-37500',82500,-37500,0.050955874,55,240
683,'97500:-37500',97500,-37500,0.035817242,59,210
684,'112500:-37500',112500,-37500,0.167478929,19,42
685,'127500:-37500',127500,-37500,0.016605617,2,4
686,'142500:-37500',142500,-37500,0.024989098,25,77
687,'157500:-37500',157500,-37500,0.029844982,8,19
688,'-217500:-52500',-217500,-52500,0.012701904,12,92
689,'-202500:-52500',-202500,-52500,0.011367737,45,262
690,'-187500:-52500',-187500,-52500,0.010305296,15,39
691,'-172500:-52500',-172500,-52500,0.019402783,37,128
692,'-157500:-52500',-157500,-52500,0.012511058,41,105
693,'-142500:-52500',-142500,-52500,0.01258063,43,99
694,'-127500:-52500',-127500,-52500,0.013254645,6,7
695,'-112500:-52500',-112500,-52500,0.025567096,85,266
696,'-97500:-52500',-97500,-52500,0.008501582,24,56
697,'-82500:-52500',-82500,-52500,0.033458262,43,526
698,'-67500:-52500',-67500,-52500,0.030640624,90,1086
699,'-52500:-52500',-52500,-52500,0.014505126,5,12
700,'-37500:-52500',-37500,-52500,0.010556795,4,6
701,'-22500:-52500',-22500,-52500,0.022297267,28,116
702,'-7500:-52500',-7500,-52500,0.029659111,14,51
703,'7500:-52500',7500,-52500,0.02187714,85,327
704,'22500:-52500',22500,-52500,0.009720218,24,93
705,'37500:-52500',37500,-52500,0.022037453,87,600
706,'52500:-52500',52500,-52500,0.0333033,6,20
707,'67500:-52500',67500,-52500,0.00687956,6,10
708,'82500:-52500',82500,-52500,0.03114124,69,161
709,'97500:-52500',97500,-52500,0.02719153,51,212
710,'112500:-52500',112500,-52500,0.027914938,56,127
711,'127500:-52500',127500,-52500,0.019552859,21,82
712,'142500:-52500',142500,-52500,0.503764719,4,7
713,'157500:-52500',157500,-52500,0.075390588,94,518
714,'172500:-52500',172500,-52500,0.02574484,31,72
715,'187500:-52500',187500,-52500,0.043306904,17,38
716,'-217500:-67500',-217500,-67500,0.011956601,10,75
717,'-202500:-67500',-202500,-67500,0.02685071,56,192
718,'-187500:-67500',-187500,-67500,0.051253749,92,1391
719,'-172500:-67500',-172500,-67500,0.044061979,87,571
720,'-157500:-67500',-157500,-67500,0.040699974,144,569
721,'-142500:-67500',-142500,-67500,0.032436889000000003,95,515
722,'-127500:-67500',-127500,-67500,0.036547894,95,845
723,'-112500:-67500',-112500,-67500,0.021204334,62,437
724,'-97500:-67500',-97500,-67500,0.010984413,13,139
725,'-82500:-67500',-82500,-67500,0.027378847,40,128
726,'-67500:-67500',-67500,-67500,0.069437382,20,51
727,'-52500:-67500',-52500,-67500,0.017625092,13,49
728,'-37500:-67500',-37500,-67500,0.00501201,2,5
729,'-22500:-67500',-22500,-67500,0.022541056,7,9
730,'-7500:-67500',-7500,-67500,0.007046762,4,8
731,'7500:-67500',7500,-67500,0.024339008,18,40
732,'22500:-67500',22500,-67500,0.014067927,47,123
733,'37500:-67500',37500,-67500,0.030117261,75,548
734,'52500:-67500',52500,-67500,0.050992154,9,12
735,'82500:-67500',82500,-67500,0.017228878,5,8
736,'97500:-67500',97500,-67500,0.035307684,4,5
737,'112500:-67500',112500,-67500,0.022661059,52,184
738,'127500:-67500',127500,-67500,0.071562938,27,38
739,'142500:-67500',142500,-67500,0.047004833,82,358
740,'157500:-67500',157500,-67500,0.055808776,76,270
741,'172500:-67500',172500,-67500,0.03504182,53,287
742,'187500:-67500',187500,-67500,0.17792612,6,18
743,'202500:-67500',202500,-67500,0.025909595,8,17
744,'-217500:-82500',-217500,-82500,0.027245258,16,42
745,'-202500:-82500',-202500,-82500,0.007435875,10,15
746,'-187500:-82500',-187500,-82500,0.026938900000000002,85,383
747,'-172500:-82500',-172500,-82500,0.017756651,91,604
748,'-157500:-82500',-157500,-82500,0.039326743,73,399
749,'-142500:-82500',-142500,-82500,0.075301105,17,29
750,'-127500:-82500',-127500,-82500,0.030852015,12,16
751,'-97500:-82500',-97500,-82500,0.003300302,4,11
752,'-82500:-82500',-82500,-82500,0.014012175,15,28
753,'-67500:-82500',-67500,-82500,0.011093668,2,7
754,'-52500:-82500',-52500,-82500,0.023787242,3,3
755,'-37500:-82500',-37500,-82500,0.010106834,18,76
756,'-22500:-82500',-22500,-82500,0.004081187,2,5
757,'7500:-82500',7500,-82500,0.5,1,1
758,'22500:-82500',22500,-82500,0.0406634,68,195
759,'37500:-82500',37500,-82500,0.056137654,124,600
760,'52500:-82500',52500,-82500,0.014359213,10,54
761,'67500:-82500',67500,-82500,0.018961466,48,201
762,'82500:-82500',82500,-82500,0.014641031,4,146
763,'97500:-82500',97500,-82500,0.038058433,30,47
764,'112500:-82500',112500,-82500,0.011689324,5,22
765,'127500:-82500',127500,-82500,0.017053899,53,388
766,'142500:-82500',142500,-82500,0.019613929,11,21
767,'157500:-82500',157500,-82500,0.052094607,140,1270
768,'172500:-82500',172500,-82500,0.015634264,11,17
769,'187500:-82500',187500,-82500,0.056478149,35,198
770,'202500:-82500',202500,-82500,0.031821039,16,44
771,'217500:-82500',217500,-82500,0.085883596,16,84
772,'-202500:-97500',-202500,-97500,0.056430808,22,78
773,'-187500:-97500',-187500,-97500,0.024836886,119,1300
774,'-172500:-97500',-172500,-97500,0.040638001,135,1307
775,'-157500:-97500',-157500,-97500,0.011499553,34,127
776,'-142500:-97500',-142500,-97500,0.003041162,7,10
777,'-127500:-97500',-127500,-97500,0.016129032,1,1
778,'-112500:-97500',-112500,-97500,0.02275404,21,73
779,'-82500:-97500',-82500,-97500,0.017430054,2,3
780,'-67500:-97500',-67500,-97500,0.019155817,11,21
781,'-37500:-97500',-37500,-97500,0.012993503,2,4
782,'-22500:-97500',-22500,-97500,0.00197844,2,2
783,'7500:-97500',7500,-97500,0.015189463,17,57
784,'22500:-97500',22500,-97500,0.01893446,45,261
785,'37500:-97500',37500,-97500,0.007244552,8,14
786,'52500:-97500',52500,-97500,0.015500984,86,388
787,'67500:-97500',67500,-97500,0.013828801,55,366
788,'82500:-97500',82500,-97500,0.004883939,9,28
789,'97500:-97500',97500,-97500,0.008130081,1,4
790,'112500:-97500',112500,-97500,0.015154727,13,44
791,'127500:-97500',127500,-97500,0.07790308,41,286
792,'142500:-97500',142500,-97500,0.042078655,89,426
793,'157500:-97500',157500,-97500,0.049587294,115,629
794,'172500:-97500',172500,-97500,0.055038427,8,28
795,'187500:-97500',187500,-97500,0.053495328,47,858
796,'202500:-97500',202500,-97500,0.067741658,83,1071
797,'217500:-97500',217500,-97500,0.025369768,3,4
798,'-187500:-112500',-187500,-112500,0.041834094,143,1773
799,'-172500:-112500',-172500,-112500,0.029301515,114,1520
800,'-157500:-112500',-157500,-112500,0.024224365,60,555
801,'-142500:-112500',-142500,-112500,0.029568127,20,90
802,'-127500:-112500',-127500,-112500,0.007567306,2,2
803,'-97500:-112500',-97500,-112500,0.001838235,1,2
804,'-82500:-112500',-82500,-112500,0.034597751,238,12075
805,'-67500:-112500',-67500,-112500,0.371497585,3,5
806,'-52500:-112500',-52500,-112500,0.01211398,27,118
807,'-37500:-112500',-37500,-112500,0.010452448,3,3
808,'-22500:-112500',-22500,-112500,0.007314034,8,43
809,'-7500:-112500',-7500,-112500,0.020710089,28,330
810,'7500:-112500',7500,-112500,0.015408732,22,48
811,'22500:-112500',22500,-112500,0.012596979,33,189
812,'37500:-112500',37500,-112500,0.009141555,20,97
813,'52500:-112500',52500,-112500,0.021956388,33,103
814,'67500:-112500',67500,-112500,0.025573875,11,71
815,'82500:-112500',82500,-112500,0.002998502,4,10
816,'97500:-112500',97500,-112500,0.015403961,6,18
817,'112500:-112500',112500,-112500,0.017558509,11,12
818,'127500:-112500',127500,-112500,0.024489796,2,2
819,'142500:-112500',142500,-112500,0.018089961,2,5
820,'157500:-112500',157500,-112500,0.045015871,14,82
821,'172500:-112500',172500,-112500,0.04344298,37,98
822,'187500:-112500',187500,-112500,0.032095234,19,46
823,'217500:-112500',217500,-112500,0.005085784,2,45
824,'232500:-112500',232500,-112500,0.0365222,50,331
825,'-157500:-127500',-157500,-127500,0.01214773,35,319
826,'-142500:-127500',-142500,-127500,0.031802678,67,210
827,'-127500:-127500',-127500,-127500,0.014561307,8,8
828,'-82500:-127500',-82500,-127500,1,1,20
829,'-67500:-127500',-67500,-127500,0.139718947,8,15
830,'-52500:-127500',-52500,-127500,0.017123598,13,59
831,'-37500:-127500',-37500,-127500,0.009109128,19,202
832,'-22500:-127500',-22500,-127500,0.018570562,5,52
833,'-7500:-127500',-7500,-127500,0.034375239,15,146
834,'7500:-127500',7500,-127500,0.029774282,9,27
835,'22500:-127500',22500,-127500,0.016232667,6,7
836,'37500:-127500',37500,-127500,0.026941277,12,108
837,'52500:-127500',52500,-127500,0.009931932,45,229
838,'67500:-127500',67500,-127500,0.040463277,50,129
839,'82500:-127500',82500,-127500,0.008867644,7,11
840,'97500:-127500',97500,-127500,0.013945374,45,122
841,'112500:-127500',112500,-127500,0.015580674,40,123
842,'127500:-127500',127500,-127500,0.018558235,38,167
843,'142500:-127500',142500,-127500,0.012392769,7,15
844,'157500:-127500',157500,-127500,0.038050101,69,163
845,'172500:-127500',172500,-127500,0.038057764,62,301
846,'187500:-127500',187500,-127500,0.009259259,1,1
847,'217500:-127500',217500,-127500,0.011764706,1,9
848,'247500:-127500',247500,-127500,0.02362362,16,93
849,'262500:-127500',262500,-127500,0.075295619,25,90
850,'277500:-127500',277500,-127500,0.002118644,1,1
851,'-157500:-142500',-157500,-142500,0.021897236,12,39
852,'-142500:-142500',-142500,-142500,0.005761647,6,17
853,'-127500:-142500',-127500,-142500,0.00769731,10,27
854,'-112500:-142500',-112500,-142500,0.029298082,26,94
855,'-97500:-142500',-97500,-142500,0.010252905,2,2
856,'-82500:-142500',-82500,-142500,0.032298981,12,30
857,'-67500:-142500',-67500,-142500,0.030523344,18,80
858,'-52500:-142500',-52500,-142500,0.074662462,8,48
859,'-37500:-142500',-37500,-142500,0.115504557,25,105
860,'-22500:-142500',-22500,-142500,0.019275224,15,87
861,'-7500:-142500',-7500,-142500,0.004771544,2,3
862,'7500:-142500',7500,-142500,0.017625,2,7
863,'22500:-142500',22500,-142500,0.013092943,39,138
864,'37500:-142500',37500,-142500,0.036887744,30,95
865,'52500:-142500',52500,-142500,0.013192904,36,99
866,'67500:-142500',67500,-142500,0.065542551,26,56
867,'82500:-142500',82500,-142500,0.015161074,31,115
868,'97500:-142500',97500,-142500,0.017036947,77,376
869,'112500:-142500',112500,-142500,0.024943849,19,38
870,'127500:-142500',127500,-142500,0.00710773,8,23
871,'142500:-142500',142500,-142500,0.015114605,27,146
872,'157500:-142500',157500,-142500,0.00551641,5,11
873,'172500:-142500',172500,-142500,0.030390922,10,53
874,'187500:-142500',187500,-142500,0.047304216,48,819
875,'202500:-142500',202500,-142500,0.04,1,2
876,'217500:-142500',217500,-142500,0.022932904,14,102
877,'232500:-142500',232500,-142500,0.005103631,2,2
878,'262500:-142500',262500,-142500,0.045276512,30,174
879,'277500:-142500',277500,-142500,0.070458091,31,96
880,'-172500:-157500',-172500,-157500,0.042022508,46,288
881,'-157500:-157500',-157500,-157500,0.021968918,18,47
882,'-142500:-157500',-142500,-157500,0.008293465,14,170
883,'-112500:-157500',-112500,-157500,0.017563685,28,70
884,'-97500:-157500',-97500,-157500,0.02585616,84,174
885,'-82500:-157500',-82500,-157500,0.031130091,11,17
886,'-67500:-157500',-67500,-157500,0.044630492,26,58
887,'-52500:-157500',-52500,-157500,0.007488246,4,6
888,'-37500:-157500',-37500,-157500,0.01142657,12,41
889,'-22500:-157500',-22500,-157500,0.054762722,29,170
890,'-7500:-157500',-7500,-157500,0.042698955,4,10
891,'7500:-157500',7500,-157500,0.01938521,5,11
892,'22500:-157500',22500,-157500,0.01255693,17,30
893,'37500:-157500',37500,-157500,0.005639344,2,3
894,'52500:-157500',52500,-157500,0.209695703,5,5
895,'82500:-157500',82500,-157500,0.011454768,31,65
896,'97500:-157500',97500,-157500,0.002255494,2,3
897,'112500:-157500',112500,-157500,0.04064044,100,564
898,'127500:-157500',127500,-157500,0.059909703,34,113
899,'142500:-157500',142500,-157500,0.06161076,15,52
900,'157500:-157500',157500,-157500,0.027479447,66,146
901,'172500:-157500',172500,-157500,0.041377553,201,1548
902,'187500:-157500',187500,-157500,0.0173578,14,388
903,'202500:-157500',202500,-157500,0.032547267,10,32
904,'217500:-157500',217500,-157500,0.056937681,88,535
905,'232500:-157500',232500,-157500,0.053351555,99,298
906,'247500:-157500',247500,-157500,0.057410649,21,252
907,'262500:-157500',262500,-157500,0.08610174,50,698
908,'277500:-157500',277500,-157500,0.031540078,8,20
909,'-172500:-172500',-172500,-172500,0.002778834,2,3
910,'-157500:-172500',-157500,-172500,0.011131623,20,69
911,'-142500:-172500',-142500,-172500,0.020318243,43,117
912,'-127500:-172500',-127500,-172500,0.003257549,5,6
913,'-112500:-172500',-112500,-172500,0.042091194,276,14050
914,'-97500:-172500',-97500,-172500,0.053283615,318,44587
915,'-82500:-172500',-82500,-172500,0.004327516,2,4
916,'-67500:-172500',-67500,-172500,0.022489044,71,214
917,'-52500:-172500',-52500,-172500,0.015894489,53,104
918,'-22500:-172500',-22500,-172500,0.006303054,3,3
919,'-7500:-172500',-7500,-172500,0.058811744,12,30
920,'7500:-172500',7500,-172500,0.007654811,7,260
921,'22500:-172500',22500,-172500,0.016986839,8,12
922,'37500:-172500',37500,-172500,0.029523559,12,29
923,'52500:-172500',52500,-172500,0.006896552,1,8
924,'82500:-172500',82500,-172500,0.02840677,75,205
925,'97500:-172500',97500,-172500,0.02859571,115,580
926,'112500:-172500',112500,-172500,0.014690787,46,146
927,'127500:-172500',127500,-172500,0.031850992,111,462
928,'142500:-172500',142500,-172500,0.007880069,2,3
929,'157500:-172500',157500,-172500,0.054993004,12,26
930,'172500:-172500',172500,-172500,0.009769896,7,10
931,'187500:-172500',187500,-172500,0.036424104,36,555
932,'202500:-172500',202500,-172500,0.071091218,21,66
933,'217500:-172500',217500,-172500,0.040175535,52,229
934,'232500:-172500',232500,-172500,0.033650029,43,445
935,'247500:-172500',247500,-172500,0.030766112,41,172
936,'262500:-172500',262500,-172500,0.018545857,4,18
937,'277500:-172500',277500,-172500,0.056586981,63,492
938,'292500:-172500',292500,-172500,0.046613201,21,91
939,'322500:-172500',322500,-172500,0.04,1,1
940,'-172500:-187500',-172500,-187500,0.011131989,9,14
941,'-157500:-187500',-157500,-187500,0.013390121,8,26
942,'-142500:-187500',-142500,-187500,0.034862123,162,1769
943,'-127500:-187500',-127500,-187500,0.014688933,44,92
944,'-112500:-187500',-112500,-187500,0.034442765,132,1026
945,'-97500:-187500',-97500,-187500,0.019089111,33,81
946,'-82500:-187500',-82500,-187500,0.021066758,43,195
947,'-67500:-187500',-67500,-187500,0.023128784,82,310
948,'-52500:-187500',-52500,-187500,0.020781087,32,172
949,'-22500:-187500',-22500,-187500,0.027027027,1,2
950,'7500:-187500',7500,-187500,0.004115974,3,12
951,'22500:-187500',22500,-187500,0.049107008,6,10
952,'37500:-187500',37500,-187500,0.032062916,2,2
953,'52500:-187500',52500,-187500,0.021259532,5,29
954,'67500:-187500',67500,-187500,0.04593745,24,86
955,'82500:-187500',82500,-187500,0.010606688,21,69
956,'97500:-187500',97500,-187500,0.007660568,8,14
957,'112500:-187500',112500,-187500,0.0054465,13,85
958,'172500:-187500',172500,-187500,0.056398533,36,127
959,'187500:-187500',187500,-187500,0.019016398,5,37
960,'202500:-187500',202500,-187500,0.042320032,24,185
961,'217500:-187500',217500,-187500,0.037830673,81,371
962,'232500:-187500',232500,-187500,0.020039892,18,45
963,'247500:-187500',247500,-187500,0.057066362,96,458
964,'262500:-187500',262500,-187500,0.104370177,37,250
965,'277500:-187500',277500,-187500,0.067727735,9,27
966,'292500:-187500',292500,-187500,0.072796935,2,3
967,'307500:-187500',307500,-187500,0.032214735,7,17
968,'322500:-187500',322500,-187500,0.083496043,6,50
969,'-157500:-202500',-157500,-202500,0.006823833,3,8
970,'-142500:-202500',-142500,-202500,0.005416264,13,29
971,'-127500:-202500',-127500,-202500,0.028963109,114,991
972,'-112500:-202500',-112500,-202500,0.020729059,45,157
973,'-97500:-202500',-97500,-202500,0.014475017,16,52
974,'-82500:-202500',-82500,-202500,0.018911204,17,26
975,'-67500:-202500',-67500,-202500,0.027526238,55,123
976,'-52500:-202500',-52500,-202500,0.025779092,54,149
977,'-37500:-202500',-37500,-202500,0.045039061,69,187
978,'-22500:-202500',-22500,-202500,0.040848988,53,199
979,'-7500:-202500',-7500,-202500,0.017020315,16,67
980,'7500:-202500',7500,-202500,0.018276061,6,11
981,'22500:-202500',22500,-202500,0.132246377,2,6
982,'37500:-202500',37500,-202500,0.011494253,1,3
983,'52500:-202500',52500,-202500,0.128241443,10,31
984,'67500:-202500',67500,-202500,0.08616447,5,13
985,'82500:-202500',82500,-202500,0.049433137,28,87
986,'97500:-202500',97500,-202500,0.010735815,4,7
987,'112500:-202500',112500,-202500,0.020299547,118,639
988,'127500:-202500',127500,-202500,0.021497311,21,49
989,'142500:-202500',142500,-202500,0.019689427,32,142
990,'157500:-202500',157500,-202500,0.005467476,2,6
991,'172500:-202500',172500,-202500,0.026869566,30,106
992,'187500:-202500',187500,-202500,0.024275898,10,13
993,'202500:-202500',202500,-202500,0.023995051,30,91
994,'217500:-202500',217500,-202500,0.009462794,6,7
995,'232500:-202500',232500,-202500,0.092526391,6,23
996,'247500:-202500',247500,-202500,0.040570708,53,242
997,'262500:-202500',262500,-202500,0.062967502,117,1119
998,'277500:-202500',277500,-202500,0.075516267,5,27
999,'292500:-202500',292500,-202500,0.222692706,13,59
1000,'307500:-202500',307500,-202500,0.03973064,3,10
1001,'337500:-202500',337500,-202500,0.047233922,4,19
1002,'-142500:-217500',-142500,-217500,0.023789957,61,236
1003,'-127500:-217500',-127500,-217500,0.016184471,99,622
1004,'-112500:-217500',-112500,-217500,0.032022803,23,111
1005,'-97500:-217500',-97500,-217500,0.051732592,306,26966
1006,'-82500:-217500',-82500,-217500,0.004948336,2,13
1007,'-52500:-217500',-52500,-217500,0.021728078,18,39
1008,'-37500:-217500',-37500,-217500,0.056707589,39,81
1009,'-22500:-217500',-22500,-217500,0.025641026,1,2
1010,'-7500:-217500',-7500,-217500,0.028925985,4,4
1011,'7500:-217500',7500,-217500,0.029992305,10,79
1012,'22500:-217500',22500,-217500,0.00774531,5,6
1013,'37500:-217500',37500,-217500,0.010001875,13,199
1014,'52500:-217500',52500,-217500,0.083333333,1,2
1015,'67500:-217500',67500,-217500,0.141164089,8,30
1016,'82500:-217500',82500,-217500,0.01734195,23,53
1017,'97500:-217500',97500,-217500,0.011271209,2,3
1018,'112500:-217500',112500,-217500,0.030952381,2,3
1019,'127500:-217500',127500,-217500,0.020405827,10,20
1020,'142500:-217500',142500,-217500,0.008165707,18,41
1021,'157500:-217500',157500,-217500,0.009617416,16,51
1022,'172500:-217500',172500,-217500,0.016271934,8,12
1023,'187500:-217500',187500,-217500,0.010467597,7,25
1024,'202500:-217500',202500,-217500,0.02173913,1,1
1025,'217500:-217500',217500,-217500,0.00669119,7,11
1026,'232500:-217500',232500,-217500,0.029487677,17,25
1027,'247500:-217500',247500,-217500,0.056538194,14,46
1028,'277500:-217500',277500,-217500,0.026724999,13,103
1029,'292500:-217500',292500,-217500,0.024902775,7,61
1030,'322500:-217500',322500,-217500,0.029005954,7,38
1031,'337500:-217500',337500,-217500,0.049576467,20,158
1032,'352500:-217500',352500,-217500,0.008396101,2,3
1033,'367500:-217500',367500,-217500,0.075651405,44,207
1034,'-127500:-232500',-127500,-232500,0.004087613,4,20
1035,'-112500:-232500',-112500,-232500,0.020380438,15,25
1036,'-97500:-232500',-97500,-232500,0.02273894,15,20
1037,'-82500:-232500',-82500,-232500,0.007557252,11,17
1038,'-67500:-232500',-67500,-232500,0.043682483,6,8
1039,'-52500:-232500',-52500,-232500,0.004166928,3,5
1040,'-37500:-232500',-37500,-232500,0.011450913,6,9
1041,'-22500:-232500',-22500,-232500,0.008216054,4,4
1042,'-7500:-232500',-7500,-232500,0.005311355,2,3
1043,'52500:-232500',52500,-232500,0.016769612,13,120
1044,'67500:-232500',67500,-232500,0.094906883,9,47
1045,'97500:-232500',97500,-232500,0.009251829,3,18
1046,'112500:-232500',112500,-232500,0.032784538,62,300
1047,'127500:-232500',127500,-232500,0.031085904,79,327
1048,'142500:-232500',142500,-232500,0.015911347,33,120
1049,'157500:-232500',157500,-232500,0.004801921,2,2
1050,'172500:-232500',172500,-232500,0.062671703,8,22
1051,'187500:-232500',187500,-232500,0.022651253,20,40
1052,'202500:-232500',202500,-232500,0.030298866,3,3
1053,'217500:-232500',217500,-232500,0.035678262,4,5
1054,'232500:-232500',232500,-232500,0.011665099,11,11
1055,'247500:-232500',247500,-232500,0.027588241,7,27
1056,'307500:-232500',307500,-232500,0.029476987,8,74
1057,'322500:-232500',322500,-232500,0.041448972,4,13
1058,'337500:-232500',337500,-232500,0.062606186,29,269
1059,'352500:-232500',352500,-232500,0.012238604,7,27
1060,'367500:-232500',367500,-232500,0.009831252,2,2
1061,'-127500:-247500',-127500,-247500,0.005376344,1,3
1062,'-112500:-247500',-112500,-247500,0.005211693,3,6
1063,'-97500:-247500',-97500,-247500,0.02660065,13,21
1064,'-82500:-247500',-82500,-247500,0.01612328,12,19
1065,'-67500:-247500',-67500,-247500,0.010871531,4,12
1066,'-37500:-247500',-37500,-247500,0.0625,1,1
1067,'-22500:-247500',-22500,-247500,0.015773263,8,34
1068,'-7500:-247500',-7500,-247500,0.005762795,6,12
1069,'52500:-247500',52500,-247500,0.2,1,1
1070,'67500:-247500',67500,-247500,0.006617801,2,2
1071,'82500:-247500',82500,-247500,0.049591818,4,5
1072,'97500:-247500',97500,-247500,0.019230769,1,1
1073,'112500:-247500',112500,-247500,0.033032478,30,66
1074,'127500:-247500',127500,-247500,0.01825419,36,111
1075,'142500:-247500',142500,-247500,0.030946079,41,139
1076,'172500:-247500',172500,-247500,0.035081652,14,30
1077,'187500:-247500',187500,-247500,0.042125347,59,311
1078,'202500:-247500',202500,-247500,0.014084507,1,1
1079,'217500:-247500',217500,-247500,0.022222222,1,2
1080,'232500:-247500',232500,-247500,0.050818853,36,121
1081,'262500:-247500',262500,-247500,0.007246377,1,4
1082,'277500:-247500',277500,-247500,0.015384615,1,1
1083,'307500:-247500',307500,-247500,0.083333333,1,4
1084,'322500:-247500',322500,-247500,0.061725759,35,563
1085,'337500:-247500',337500,-247500,0.044031937,20,120
1086,'367500:-247500',367500,-247500,0.061196087,5,27
1087,'382500:-247500',382500,-247500,0.002118644,1,3
1088,'397500:-247500',397500,-247500,0.04974544,9,13
1089,'-97500:-262500',-97500,-262500,0.001265823,1,1
1090,'-82500:-262500',-82500,-262500,0.014554542,3,6
1091,'-67500:-262500',-67500,-262500,0.015019148,26,69
1092,'-52500:-262500',-52500,-262500,0.004893175,2,2
1093,'-37500:-262500',-37500,-262500,0.040110076,4,4
1094,'-22500:-262500',-22500,-262500,0.003278689,1,1
1095,'22500:-262500',22500,-262500,0.004632911,2,2
1096,'52500:-262500',52500,-262500,0.008741488,2,2
1097,'67500:-262500',67500,-262500,0.019253085,5,11
1098,'82500:-262500',82500,-262500,0.003278689,1,2
1099,'112500:-262500',112500,-262500,0.044870112,14,52
1100,'127500:-262500',127500,-262500,0.003776507,4,11
1101,'142500:-262500',142500,-262500,0.0584111,22,43
1102,'157500:-262500',157500,-262500,0.014857832,17,99
1103,'172500:-262500',172500,-262500,0.039693208,75,293
1104,'187500:-262500',187500,-262500,0.019387099,25,77
1105,'202500:-262500',202500,-262500,0.095201255,18,30
1106,'217500:-262500',217500,-262500,0.027481318,12,19
1107,'232500:-262500',232500,-262500,0.053395062,3,6
1108,'247500:-262500',247500,-262500,0.004825368,2,6
1109,'262500:-262500',262500,-262500,0.065750189,4,7
1110,'292500:-262500',292500,-262500,0.014925373,1,1
1111,'307500:-262500',307500,-262500,0.045666667,2,73
1112,'322500:-262500',322500,-262500,0.019833233,5,8
1113,'337500:-262500',337500,-262500,0.032679186,16,43
1114,'382500:-262500',382500,-262500,0.071025681,5,20
1115,'397500:-262500',397500,-262500,0.049417766,27,79
1116,'412500:-262500',412500,-262500,0.056648582,28,218
1117,'427500:-262500',427500,-262500,0.036866503,11,47
1118,'-97500:-277500',-97500,-277500,0.009343877,17,45
1119,'-82500:-277500',-82500,-277500,0.012612417,3,7
1120,'-67500:-277500',-67500,-277500,0.011979894,16,45
1121,'-52500:-277500',-52500,-277500,0.019661546,41,80
1122,'-37500:-277500',-37500,-277500,0.027771817,53,171
1123,'-22500:-277500',-22500,-277500,0.025551802,4,10
1124,'22500:-277500',22500,-277500,0.004919118,2,4
1125,'37500:-277500',37500,-277500,0.024536959,3,4
1126,'52500:-277500',52500,-277500,0.009270668,2,2
1127,'67500:-277500',67500,-277500,0.025258465,17,34
1128,'82500:-277500',82500,-277500,0.002272256,2,10
1129,'97500:-277500',97500,-277500,0.007497868,4,5
1130,'112500:-277500',112500,-277500,0.078702951,7,13
1131,'127500:-277500',127500,-277500,0.043268806,32,555
1132,'142500:-277500',142500,-277500,0.015757685,17,24
1133,'157500:-277500',157500,-277500,0.01314163,5,42
1134,'172500:-277500',172500,-277500,0.021227736,5,6
1135,'187500:-277500',187500,-277500,0.023255814,1,1
1136,'202500:-277500',202500,-277500,0.055846758,8,70
1137,'217500:-277500',217500,-277500,0.014583333,2,2
1138,'292500:-277500',292500,-277500,0.034601982,9,10
1139,'337500:-277500',337500,-277500,0.060937185,5,7
1140,'352500:-277500',352500,-277500,0.023990106,5,18
1141,'382500:-277500',382500,-277500,0.033272283,2,8
1142,'397500:-277500',397500,-277500,0.059038976,11,59
1143,'412500:-277500',412500,-277500,0.020156949,13,25
1144,'442500:-277500',442500,-277500,0.037022569,4,6
1145,'-82500:-292500',-82500,-292500,0.040997529,18,311
1146,'-67500:-292500',-67500,-292500,0.021766062,25,70
1147,'-52500:-292500',-52500,-292500,0.027456797,88,473
1148,'-37500:-292500',-37500,-292500,0.037553949,65,142
1149,'-22500:-292500',-22500,-292500,0.028170738,56,189
1150,'-7500:-292500',-7500,-292500,0.032763686,35,134
1151,'7500:-292500',7500,-292500,0.052159756,12,34
1152,'22500:-292500',22500,-292500,0.024099336,24,87
1153,'37500:-292500',37500,-292500,0.026368539,3,3
1154,'52500:-292500',52500,-292500,0.013882682,16,25
1155,'67500:-292500',67500,-292500,0.019560358,2,5
1156,'82500:-292500',82500,-292500,0.015204375,22,43
1157,'97500:-292500',97500,-292500,0.005506821,7,14
1158,'112500:-292500',112500,-292500,0.060540234,64,227
1159,'127500:-292500',127500,-292500,0.083031748,19,44
1160,'142500:-292500',142500,-292500,0.022049276,10,20
1161,'157500:-292500',157500,-292500,0.007560411,5,14
1162,'172500:-292500',172500,-292500,0.014538409,7,13
1163,'187500:-292500',187500,-292500,0.051877173,41,143
1164,'202500:-292500',202500,-292500,0.049147947,10,19
1165,'217500:-292500',217500,-292500,0.062627872,23,52
1166,'232500:-292500',232500,-292500,0.018181818,1,1
1167,'247500:-292500',247500,-292500,0.0341066,3,6
1168,'262500:-292500',262500,-292500,0.015353038,2,2
1169,'277500:-292500',277500,-292500,0.024390244,1,1
1170,'292500:-292500',292500,-292500,0.011331811,7,14
1171,'307500:-292500',307500,-292500,0.015503316,11,20
1172,'337500:-292500',337500,-292500,0.013368574,10,16
1173,'352500:-292500',352500,-292500,0.026757867,12,22
1174,'367500:-292500',367500,-292500,0.0258743,13,18
1175,'397500:-292500',397500,-292500,0.013720539,2,7
1176,'412500:-292500',412500,-292500,0.036204413,21,46
1177,'427500:-292500',427500,-292500,0.040219718,21,69
1178,'442500:-292500',442500,-292500,0.032682847,18,91
1179,'-82500:-307500',-82500,-307500,0.006045473,3,9
1180,'-67500:-307500',-67500,-307500,0.010835805,5,8
1181,'-52500:-307500',-52500,-307500,0.092373847,13,23
1182,'-37500:-307500',-37500,-307500,0.022459063,28,123
1183,'-22500:-307500',-22500,-307500,0.020204083,15,180
1184,'7500:-307500',7500,-307500,0.037502578,7,39
1185,'22500:-307500',22500,-307500,0.011805814,18,123
1186,'37500:-307500',37500,-307500,0.042097943,5,7
1187,'52500:-307500',52500,-307500,0.007247424,7,136
1188,'67500:-307500',67500,-307500,0.02279318,4,20
1189,'82500:-307500',82500,-307500,0.134072994,10,46
1190,'97500:-307500',97500,-307500,0.010971282,3,7
1191,'112500:-307500',112500,-307500,0.041869946,29,57
1192,'127500:-307500',127500,-307500,0.013203776,33,89
1193,'142500:-307500',142500,-307500,0.002210198,2,5
1194,'172500:-307500',172500,-307500,0.035811835,7,22
1195,'187500:-307500',187500,-307500,0.047510533,5,5
1196,'202500:-307500',202500,-307500,0.003278689,1,1
1197,'217500:-307500',217500,-307500,0.026132479,4,7
1198,'307500:-307500',307500,-307500,0.024609662,5,7
1199,'322500:-307500',322500,-307500,0.020204295,3,4
1200,'337500:-307500',337500,-307500,0.021201843,8,38
1201,'352500:-307500',352500,-307500,0.033937432,31,130
1202,'367500:-307500',367500,-307500,0.029180414,30,70
1203,'382500:-307500',382500,-307500,0.05754345,16,68
1204,'397500:-307500',397500,-307500,0.035620937,10,36
1205,'412500:-307500',412500,-307500,0.039393402,63,391
1206,'427500:-307500',427500,-307500,0.028895079,15,37
1207,'442500:-307500',442500,-307500,0.013789854,16,46
1208,'457500:-307500',457500,-307500,0.026799518,17,68
1209,'472500:-307500',472500,-307500,0.021604938,3,3
1210,'-67500:-322500',-67500,-322500,0.010869565,1,1
1211,'-52500:-322500',-52500,-322500,0.059201843,31,159
1212,'-22500:-322500',-22500,-322500,0.005434783,1,1
1213,'-7500:-322500',-7500,-322500,0.07472244,7,11
1214,'7500:-322500',7500,-322500,0.020121382,3,3
1215,'22500:-322500',22500,-322500,0.07839924,7,36
1216,'37500:-322500',37500,-322500,0.025163251,17,58
1217,'52500:-322500',52500,-322500,0.030084744,62,223
1218,'67500:-322500',67500,-322500,0.008768634,5,129
1219,'82500:-322500',82500,-322500,0.048917271,15,646
1220,'127500:-322500',127500,-322500,0.019765936,19,48
1221,'142500:-322500',142500,-322500,0.011469728,23,54
1222,'157500:-322500',157500,-322500,0.022004781,16,51
1223,'172500:-322500',172500,-322500,0.051602969,44,114
1224,'187500:-322500',187500,-322500,0.047932191,28,71
1225,'202500:-322500',202500,-322500,0.058823529,1,2
1226,'217500:-322500',217500,-322500,0.020315747,3,6
1227,'262500:-322500',262500,-322500,0.01754386,1,3
1228,'277500:-322500',277500,-322500,0.009259259,1,1
1229,'307500:-322500',307500,-322500,0.017857143,1,1
1230,'322500:-322500',322500,-322500,0.029023737,17,24
1231,'337500:-322500',337500,-322500,0.042034993,40,236
1232,'352500:-322500',352500,-322500,0.01895085,15,71
1233,'367500:-322500',367500,-322500,0.079335394,231,2878
1234,'382500:-322500',382500,-322500,0.036299751,4,6
1235,'397500:-322500',397500,-322500,0.037971034,64,488
1236,'412500:-322500',412500,-322500,0.025962403,38,152
1237,'427500:-322500',427500,-322500,0.059511043,22,81
1238,'442500:-322500',442500,-322500,0.033333333,1,1
1239,'457500:-322500',457500,-322500,0.112699587,208,2785
1240,'472500:-322500',472500,-322500,0.040176288,51,251
1241,'487500:-322500',487500,-322500,0.022731563,20,65
1242,'-52500:-337500',-52500,-337500,0.027199177,16,95
1243,'-37500:-337500',-37500,-337500,0.087709313,12,47
1244,'-22500:-337500',-22500,-337500,0.00800925,11,28
1245,'-7500:-337500',-7500,-337500,0.009055871,6,21
1246,'7500:-337500',7500,-337500,0.027346097,8,31
1247,'22500:-337500',22500,-337500,0.006451542,8,11
1248,'37500:-337500',37500,-337500,0.079922634,27,71
1249,'52500:-337500',52500,-337500,0.092237536,4,7
1250,'67500:-337500',67500,-337500,0.010878787,17,102
1251,'82500:-337500',82500,-337500,0.006293352,2,2
1252,'97500:-337500',97500,-337500,0.011197974,14,69
1253,'112500:-337500',112500,-337500,0.012987013,1,2
1254,'127500:-337500',127500,-337500,0.001552029,2,2
1255,'157500:-337500',157500,-337500,0.014084507,1,1
1256,'172500:-337500',172500,-337500,0.051687215,6,16
1257,'187500:-337500',187500,-337500,0.071857268,20,45
1258,'202500:-337500',202500,-337500,0.021733088,17,52
1259,'217500:-337500',217500,-337500,0.065990852,69,234
1260,'232500:-337500',232500,-337500,0.044996553,104,473
1261,'247500:-337500',247500,-337500,0.054824561,4,5
1262,'262500:-337500',262500,-337500,0.118551902,6,14
1263,'277500:-337500',277500,-337500,0.033186218,36,267
1264,'292500:-337500',292500,-337500,0.027983807,33,126
1265,'307500:-337500',307500,-337500,0.022869117,5,12
1266,'322500:-337500',322500,-337500,0.052631579,1,2
1267,'337500:-337500',337500,-337500,0.029551376,6,12
1268,'352500:-337500',352500,-337500,0.029768374,18,24
1269,'367500:-337500',367500,-337500,0.014925373,1,1
1270,'382500:-337500',382500,-337500,0.092801985,76,1569
1271,'397500:-337500',397500,-337500,0.061048754,103,1172
1272,'412500:-337500',412500,-337500,0.025296676,17,63
1273,'427500:-337500',427500,-337500,0.038933824,6,14
1274,'442500:-337500',442500,-337500,0.03997828,22,94
1275,'457500:-337500',457500,-337500,0.024227603,21,82
1276,'472500:-337500',472500,-337500,0.05,1,1
1277,'487500:-337500',487500,-337500,0.046723542,82,520
1278,'-67500:-352500',-67500,-352500,0.001265823,1,2
1279,'-52500:-352500',-52500,-352500,0.050632911,2,3
1280,'-37500:-352500',-37500,-352500,0.002134976,3,3
1281,'7500:-352500',7500,-352500,0.006922221,3,3
1282,'22500:-352500',22500,-352500,0.00230437,5,11
1283,'37500:-352500',37500,-352500,0.001265823,1,1
1284,'52500:-352500',52500,-352500,0.052967313,26,186
1285,'67500:-352500',67500,-352500,0.009951709,46,149
1286,'82500:-352500',82500,-352500,0.042411528,60,243
1287,'97500:-352500',97500,-352500,0.029892987,118,809
1288,'112500:-352500',112500,-352500,0.024255584,14,38
1289,'127500:-352500',127500,-352500,0.029446358,20,62
1290,'142500:-352500',142500,-352500,0.04766483,5,20
1291,'157500:-352500',157500,-352500,0.168306011,2,5
1292,'172500:-352500',172500,-352500,0.021798895,16,34
1293,'187500:-352500',187500,-352500,0.067459065,11,12
1294,'202500:-352500',202500,-352500,0.041191618,20,180
1295,'217500:-352500',217500,-352500,0.02,1,2
1296,'232500:-352500',232500,-352500,0.020988728,7,13
1297,'247500:-352500',247500,-352500,0.018010582,3,12
1298,'262500:-352500',262500,-352500,0.032561544,16,29
1299,'277500:-352500',277500,-352500,0.025612928,12,80
1300,'292500:-352500',292500,-352500,0.009259259,1,1
1301,'307500:-352500',307500,-352500,0.040232153,4,29
1302,'322500:-352500',322500,-352500,0.027114745,5,18
1303,'337500:-352500',337500,-352500,0.046335603,5,7
1304,'352500:-352500',352500,-352500,0.053260597,148,435
1305,'367500:-352500',367500,-352500,0.038285871,4,5
1306,'397500:-352500',397500,-352500,0.048151178,79,371
1307,'412500:-352500',412500,-352500,0.038081411,5,15
1308,'427500:-352500',427500,-352500,0.060055862,13,30
1309,'442500:-352500',442500,-352500,0.028074087,5,11
1310,'457500:-352500',457500,-352500,0.003350303,2,2
1311,'487500:-352500',487500,-352500,0.078528304,5,7
1312,'502500:-352500',502500,-352500,0.052736315,45,239
1313,'-52500:-367500',-52500,-367500,0.010788635,8,11
1314,'-37500:-367500',-37500,-367500,0.011207696,7,11
1315,'-7500:-367500',-7500,-367500,0.019032855,41,97
1316,'7500:-367500',7500,-367500,0.019770561,68,305
1317,'22500:-367500',22500,-367500,0.005723553,8,11
1318,'37500:-367500',37500,-367500,0.011452631,24,44
1319,'52500:-367500',52500,-367500,0.029051876,34,156
1320,'67500:-367500',67500,-367500,0.005344346,16,48
1321,'82500:-367500',82500,-367500,0.042587404,62,370
1322,'97500:-367500',97500,-367500,0.038290776,42,136
1323,'112500:-367500',112500,-367500,0.018658429,33,182
1324,'127500:-367500',127500,-367500,0.006448735,2,2
1325,'142500:-367500',142500,-367500,0.015938587,5,8
1326,'157500:-367500',157500,-367500,0.079198051,4,8
1327,'172500:-367500',172500,-367500,0.053395773,21,97
1328,'187500:-367500',187500,-367500,0.043676746,11,14
1329,'202500:-367500',202500,-367500,0.051873954,13,58
1330,'232500:-367500',232500,-367500,0.031475855,17,86
1331,'247500:-367500',247500,-367500,0.061741135,14,52
1332,'262500:-367500',262500,-367500,0.015824567,8,12
1333,'277500:-367500',277500,-367500,0.052784916,6,13
1334,'292500:-367500',292500,-367500,0.039803484,7,8
1335,'307500:-367500',307500,-367500,0.022222222,1,1
1336,'352500:-367500',352500,-367500,0.031882911,2,2
1337,'382500:-367500',382500,-367500,0.008403361,1,1
1338,'397500:-367500',397500,-367500,0.020488962,3,9
1339,'427500:-367500',427500,-367500,0.025858857,3,9
1340,'442500:-367500',442500,-367500,0.275,2,2
1341,'487500:-367500',487500,-367500,0.03422478,51,157
1342,'502500:-367500',502500,-367500,0.014636356,3,14
1343,'517500:-367500',517500,-367500,0.111040855,13,21
1344,'-52500:-382500',-52500,-382500,0.008112894,6,8
1345,'-37500:-382500',-37500,-382500,0.009372047,15,39
1346,'-22500:-382500',-22500,-382500,0.014776928,15,29
1347,'-7500:-382500',-7500,-382500,0.022067849,73,323
1348,'7500:-382500',7500,-382500,0.027077793,19,88
1349,'22500:-382500',22500,-382500,0.012786908,61,310
1350,'37500:-382500',37500,-382500,0.009542014,12,17
1351,'52500:-382500',52500,-382500,0.017546842,10,20
1352,'67500:-382500',67500,-382500,0.012709888,32,82
1353,'82500:-382500',82500,-382500,0.004423045,13,18
1354,'97500:-382500',97500,-382500,0.01,1,1
1355,'112500:-382500',112500,-382500,0.01479709,15,50
1356,'127500:-382500',127500,-382500,0.010286202,8,51
1357,'142500:-382500',142500,-382500,0.067045524,18,62
1358,'157500:-382500',157500,-382500,0.022184758,20,71
1359,'172500:-382500',172500,-382500,0.046144346,81,201
1360,'187500:-382500',187500,-382500,0.035787084,68,194
1361,'202500:-382500',202500,-382500,0.11332672,33,132
1362,'217500:-382500',217500,-382500,0.046475064,8,33
1363,'232500:-382500',232500,-382500,0.027596653,26,57
1364,'247500:-382500',247500,-382500,0.072529743,59,638
1365,'262500:-382500',262500,-382500,0.082506091,30,58
1366,'277500:-382500',277500,-382500,0.025814076,7,12
1367,'382500:-382500',382500,-382500,0.028571429,1,2
1368,'397500:-382500',397500,-382500,0.14592321,18,60
1369,'412500:-382500',412500,-382500,0.026060079,3,5
1370,'442500:-382500',442500,-382500,0.013021227,10,22
1371,'472500:-382500',472500,-382500,0.072210156,11,158
1372,'487500:-382500',487500,-382500,0.042642733,33,149
1373,'502500:-382500',502500,-382500,0.244231867,5,19
1374,'517500:-382500',517500,-382500,0.035528867,7,14
1375,'532500:-382500',532500,-382500,0.040828689,4,22
1376,'-37500:-397500',-37500,-397500,0.01310666,4,11
1377,'-22500:-397500',-22500,-397500,0.007706353,5,9
1378,'-7500:-397500',-7500,-397500,0.007710945,13,39
1379,'7500:-397500',7500,-397500,0.025915859,76,3279
1380,'22500:-397500',22500,-397500,0.026220835,79,402
1381,'37500:-397500',37500,-397500,0.012500992,51,451
1382,'52500:-397500',52500,-397500,0.040494232,5,15
1383,'67500:-397500',67500,-397500,0.017000603,19,81
1384,'82500:-397500',82500,-397500,0.008136503,4,5
1385,'97500:-397500',97500,-397500,0.013565895,48,416
1386,'112500:-397500',112500,-397500,0.013963167,3,5
1387,'127500:-397500',127500,-397500,0.016859117,53,191
1388,'142500:-397500',142500,-397500,0.021838408,46,122
1389,'157500:-397500',157500,-397500,0.012025496,37,89
1390,'172500:-397500',172500,-397500,0.037056449,51,280
1391,'187500:-397500',187500,-397500,0.023906052,89,297
1392,'202500:-397500',202500,-397500,0.022260202,143,922
1393,'217500:-397500',217500,-397500,0.021790777,139,561
1394,'232500:-397500',232500,-397500,0.019824608,37,77
1395,'247500:-397500',247500,-397500,0.033015611,84,447
1396,'262500:-397500',262500,-397500,0.020177141,49,164
1397,'277500:-397500',277500,-397500,0.033186337,38,92
1398,'292500:-397500',292500,-397500,0.047386463,37,297
1399,'307500:-397500',307500,-397500,0.030555576,21,58
1400,'322500:-397500',322500,-397500,0.024300088,22,38
1401,'397500:-397500',397500,-397500,0.022727273,1,6
1402,'427500:-397500',427500,-397500,0.02471594,4,16
1403,'472500:-397500',472500,-397500,0.026814669,3,3
1404,'487500:-397500',487500,-397500,0.019826818,17,74
1405,'502500:-397500',502500,-397500,0.014854754,2,6
1406,'517500:-397500',517500,-397500,0.021792369,5,36
1407,'532500:-397500',532500,-397500,0.108293272,24,82
1408,'52500:-412500',52500,-412500,0.004623662,6,8
1409,'67500:-412500',67500,-412500,0.013413329,22,72
1410,'82500:-412500',82500,-412500,0.0232701,68,180
1411,'97500:-412500',97500,-412500,0.010073553,29,146
1412,'112500:-412500',112500,-412500,0.015544339,8,23
1413,'127500:-412500',127500,-412500,0.017437691,27,93
1414,'142500:-412500',142500,-412500,0.015734916,39,124
1415,'157500:-412500',157500,-412500,0.028580061,69,224
1416,'172500:-412500',172500,-412500,0.061624565,40,95
1417,'187500:-412500',187500,-412500,0.024041549,35,195
1418,'202500:-412500',202500,-412500,0.022830011,57,326
1419,'217500:-412500',217500,-412500,0.027465359,97,609
1420,'232500:-412500',232500,-412500,0.040907874,157,812
1421,'247500:-412500',247500,-412500,0.034727408,140,983
1422,'262500:-412500',262500,-412500,0.024691701,61,177
1423,'277500:-412500',277500,-412500,0.019797563,93,597
1424,'292500:-412500',292500,-412500,0.034022594,166,2016
1425,'307500:-412500',307500,-412500,0.003401683,3,4
1426,'322500:-412500',322500,-412500,0.070497172,36,75
1427,'337500:-412500',337500,-412500,0.080659527,17,333
1428,'367500:-412500',367500,-412500,0.0295631,47,395
1429,'382500:-412500',382500,-412500,0.014084507,1,10
1430,'397500:-412500',397500,-412500,0.021653462,31,158
1431,'427500:-412500',427500,-412500,0.002118644,1,1
1432,'487500:-412500',487500,-412500,0.019961893,11,34
1433,'502500:-412500',502500,-412500,0.068130815,52,202
1434,'517500:-412500',517500,-412500,0.027777778,1,3
1435,'532500:-412500',532500,-412500,0.025995887,3,5
1436,'67500:-427500',67500,-427500,0.018223443,3,17
1437,'82500:-427500',82500,-427500,0.00784871,11,482
1438,'97500:-427500',97500,-427500,0.075856512,43,846
1439,'112500:-427500',112500,-427500,0.019174686,34,223
1440,'127500:-427500',127500,-427500,0.015877912,27,81
1441,'142500:-427500',142500,-427500,0.047214106,34,97
1442,'157500:-427500',157500,-427500,0.029257541,171,1272
1443,'172500:-427500',172500,-427500,0.030474132,202,1826
1444,'187500:-427500',187500,-427500,0.035847896,48,131
1445,'202500:-427500',202500,-427500,0.02538072,144,1377
1446,'217500:-427500',217500,-427500,0.062613425,120,1047
1447,'232500:-427500',232500,-427500,0.01600246,24,79
1448,'247500:-427500',247500,-427500,0.052942382,90,303
1449,'262500:-427500',262500,-427500,0.019883203,97,360
1450,'277500:-427500',277500,-427500,0.02117799,162,1607
1451,'292500:-427500',292500,-427500,0.027848044,182,3220
1452,'307500:-427500',307500,-427500,0.016550152,10,17
1453,'322500:-427500',322500,-427500,0.045387022,152,1324
1454,'337500:-427500',337500,-427500,0.032562881,27,150
1455,'352500:-427500',352500,-427500,0.027448647,26,68
1456,'367500:-427500',367500,-427500,0.036951163,82,359
1457,'382500:-427500',382500,-427500,0.024153877,6,10
1458,'397500:-427500',397500,-427500,0.067807022,32,108
1459,'412500:-427500',412500,-427500,0.034358713,22,109
1460,'427500:-427500',427500,-427500,0.014340965,4,5
1461,'442500:-427500',442500,-427500,0.021544908,7,34
1462,'457500:-427500',457500,-427500,0.080914272,28,270
1463,'472500:-427500',472500,-427500,0.046385819,45,250
1464,'487500:-427500',487500,-427500,0.022472613,3,15
1465,'502500:-427500',502500,-427500,0.056853945,7,16
1466,'517500:-427500',517500,-427500,0.027027027,1,1
1467,'-37500:-442500',-37500,-442500,0.028465396,22,438
1468,'-22500:-442500',-22500,-442500,0.018346741,3,4
1469,'-7500:-442500',-7500,-442500,0.040941023,54,696
1470,'7500:-442500',7500,-442500,0.034056889,88,4658
1471,'22500:-442500',22500,-442500,0.026771787,126,6641
1472,'37500:-442500',37500,-442500,0.018091166,25,123
1473,'52500:-442500',52500,-442500,0.005376344,1,2
1474,'82500:-442500',82500,-442500,0.016195088,9,17
1475,'97500:-442500',97500,-442500,0.027029792,39,579
1476,'112500:-442500',112500,-442500,0.088652311,66,1382
1477,'127500:-442500',127500,-442500,0.013524502,11,31
1478,'142500:-442500',142500,-442500,0.03239738,90,1101
1479,'157500:-442500',157500,-442500,0.05591063,79,886
1480,'172500:-442500',172500,-442500,0.026174471,67,143
1481,'187500:-442500',187500,-442500,0.01938634,71,632
1482,'202500:-442500',202500,-442500,0.03995438,60,168
1483,'217500:-442500',217500,-442500,0.018399469,21,84
1484,'232500:-442500',232500,-442500,0.04985894,99,483
1485,'247500:-442500',247500,-442500,0.071478509,308,9399
1486,'262500:-442500',262500,-442500,0.045641503,80,253
1487,'277500:-442500',277500,-442500,0.021048076,132,973
1488,'292500:-442500',292500,-442500,0.029502822,85,234
1489,'307500:-442500',307500,-442500,0.035472578,82,507
1490,'322500:-442500',322500,-442500,0.050279832000000003,145,842
1491,'337500:-442500',337500,-442500,0.051783336,9,19
1492,'352500:-442500',352500,-442500,0.029740842,21,49
1493,'367500:-442500',367500,-442500,0.079518382,55,288
1494,'382500:-442500',382500,-442500,0.05092806,9,19
1495,'397500:-442500',397500,-442500,0.022619048,2,2
1496,'427500:-442500',427500,-442500,0.014391447,2,4
1497,'442500:-442500',442500,-442500,0.014084507,1,2
1498,'457500:-442500',457500,-442500,0.014084507,1,4
1499,'472500:-442500',472500,-442500,0.028409091,2,10
1500,'487500:-442500',487500,-442500,0.02915941,4,12
1501,'502500:-442500',502500,-442500,0.042036435,6,25
1502,'-22500:-457500',-22500,-457500,0.041181342,14,126
1503,'-7500:-457500',-7500,-457500,0.015147817,15,77
1504,'7500:-457500',7500,-457500,0.013513514,1,1
1505,'22500:-457500',22500,-457500,0.006947496,7,28
1506,'142500:-457500',142500,-457500,0.024021408,18,169
1507,'157500:-457500',157500,-457500,0.020599627,23,122
1508,'172500:-457500',172500,-457500,0.016750469,7,7
1509,'187500:-457500',187500,-457500,0.016243817,13,46
1510,'202500:-457500',202500,-457500,0.028762178,16,48
1511,'217500:-457500',217500,-457500,0.011915526,38,113
1512,'232500:-457500',232500,-457500,0.036051866,55,154
1513,'247500:-457500',247500,-457500,0.022499375,38,215
1514,'262500:-457500',262500,-457500,0.028010223,17,28
1515,'277500:-457500',277500,-457500,0.023586859,56,157
1516,'292500:-457500',292500,-457500,0.016958535,118,667
1517,'307500:-457500',307500,-457500,0.034856941,142,743
1518,'322500:-457500',322500,-457500,0.064868825,228,2908
1519,'337500:-457500',337500,-457500,0.055614877,105,724
1520,'352500:-457500',352500,-457500,0.06049901,56,256
1521,'367500:-457500',367500,-457500,0.013513514,1,2
1522,'382500:-457500',382500,-457500,0.038512652,18,36
1523,'397500:-457500',397500,-457500,0.019647534,7,18
1524,'427500:-457500',427500,-457500,0.036277315,9,19
1525,'442500:-457500',442500,-457500,0.027370703,15,19
1526,'472500:-457500',472500,-457500,0.038130762,10,12
1527,'487500:-457500',487500,-457500,0.022323469,7,13
1528,'502500:-457500',502500,-457500,0.032099771,17,26
1529,'142500:-472500',142500,-472500,0.059682652,9,73
1530,'157500:-472500',157500,-472500,0.021233472,22,75
1531,'172500:-472500',172500,-472500,0.023560827,29,101
1532,'187500:-472500',187500,-472500,0.009582569,13,80
1533,'202500:-472500',202500,-472500,0.038589313,122,767
1534,'217500:-472500',217500,-472500,0.008708806,22,62
1535,'232500:-472500',232500,-472500,0.035104931,38,135
1536,'247500:-472500',247500,-472500,0.04114088,169,1893
1537,'262500:-472500',262500,-472500,0.021126076,58,234
1538,'277500:-472500',277500,-472500,0.025995745,153,956
1539,'292500:-472500',292500,-472500,0.016280972,84,315
1540,'307500:-472500',307500,-472500,0.032977592,246,2654
1541,'322500:-472500',322500,-472500,0.048060943,169,2456
1542,'337500:-472500',337500,-472500,0.080921094,190,2165
1543,'352500:-472500',352500,-472500,0.084376946,84,966
1544,'367500:-472500',367500,-472500,0.047578249,175,595
1545,'382500:-472500',382500,-472500,0.032892364,63,186
1546,'397500:-472500',397500,-472500,0.038907104,32,111
1547,'412500:-472500',412500,-472500,0.032892233,16,35
1548,'427500:-472500',427500,-472500,0.029540497,49,291
1549,'442500:-472500',442500,-472500,0.028560266,11,18
1550,'457500:-472500',457500,-472500,0.047994825,70,623
1551,'472500:-472500',472500,-472500,0.123038808,125,1906
1552,'487500:-472500',487500,-472500,0.02848281,14,19
1553,'502500:-472500',502500,-472500,0.060392276,74,586
1554,'187500:-487500',187500,-487500,0.041491601,31,232
1555,'202500:-487500',202500,-487500,0.024278935,51,319
1556,'217500:-487500',217500,-487500,0.005232098,14,54
1557,'232500:-487500',232500,-487500,0.007922206,18,32
1558,'247500:-487500',247500,-487500,0.041403552,39,81
1559,'262500:-487500',262500,-487500,0.01602182,40,248
1560,'277500:-487500',277500,-487500,0.0179318,47,127
1561,'292500:-487500',292500,-487500,0.02190935,37,117
1562,'307500:-487500',307500,-487500,0.038471253,95,464
1563,'322500:-487500',322500,-487500,0.030163973,168,1271
1564,'337500:-487500',337500,-487500,0.028389268,80,348
1565,'352500:-487500',352500,-487500,0.036623472,12,30
1566,'367500:-487500',367500,-487500,0.0715837,75,438
1567,'382500:-487500',382500,-487500,0.045668513,90,529
1568,'397500:-487500',397500,-487500,0.032198779,18,67
1569,'412500:-487500',412500,-487500,0.010124135,2,3
1570,'427500:-487500',427500,-487500,0.049656226,2,2
1571,'442500:-487500',442500,-487500,0.03386763,5,27
1572,'457500:-487500',457500,-487500,0.034999639,5,8
1573,'472500:-487500',472500,-487500,0.037412811,27,134
1574,'487500:-487500',487500,-487500,0.028587102,11,25
1575,'502500:-487500',502500,-487500,0.046303767,77,486
1576,'82500:-502500',82500,-502500,0.003282518,3,8
1577,'127500:-502500',127500,-502500,0.035640398,89,449
1578,'142500:-502500',142500,-502500,0.014902932,8,38
1579,'202500:-502500',202500,-502500,0.019757373,8,42
1580,'217500:-502500',217500,-502500,0.057818857,23,64
1581,'232500:-502500',232500,-502500,0.008767747,17,95
1582,'247500:-502500',247500,-502500,0.035647106,25,76
1583,'262500:-502500',262500,-502500,0.033080925,71,232
1584,'277500:-502500',277500,-502500,0.017251037,40,117
1585,'292500:-502500',292500,-502500,0.037669876,58,214
1586,'307500:-502500',307500,-502500,0.011784148,16,64
1587,'322500:-502500',322500,-502500,0.030969079,20,32
1588,'337500:-502500',337500,-502500,0.018425623,20,34
1589,'352500:-502500',352500,-502500,0.042791149,17,44
1590,'367500:-502500',367500,-502500,0.04091114,39,785
1591,'382500:-502500',382500,-502500,0.03030303,1,1
1592,'397500:-502500',397500,-502500,0.034026958,7,9
1593,'412500:-502500',412500,-502500,0.023582176,4,13
1594,'427500:-502500',427500,-502500,0.028308138,9,33
1595,'442500:-502500',442500,-502500,0.036835286,7,36
1596,'457500:-502500',457500,-502500,0.019902166,4,6
1597,'472500:-502500',472500,-502500,0.024953277,6,165
1598,'487500:-502500',487500,-502500,0.100866356,61,506
1599,'502500:-502500',502500,-502500,0.13581355,13,64
1600,'142500:-517500',142500,-517500,0.10943725,32,384
1601,'157500:-517500',157500,-517500,0.064007309,27,179
1602,'232500:-517500',232500,-517500,0.023877473,5,15
1603,'247500:-517500',247500,-517500,0.00404377,3,5
1604,'262500:-517500',262500,-517500,0.008183315,15,33
1605,'277500:-517500',277500,-517500,0.014828661,19,55
1606,'292500:-517500',292500,-517500,0.045091797,78,435
1607,'307500:-517500',307500,-517500,0.017044059,92,279
1608,'322500:-517500',322500,-517500,0.018373774,25,40
1609,'337500:-517500',337500,-517500,0.039277209,135,593
1610,'352500:-517500',352500,-517500,0.064191252,49,211
1611,'367500:-517500',367500,-517500,0.057228931,6,41
1612,'382500:-517500',382500,-517500,0.040780182,19,110
1613,'412500:-517500',412500,-517500,0.097507117,10,22
1614,'427500:-517500',427500,-517500,0.064550265,3,8
1615,'472500:-517500',472500,-517500,0.028215978,7,22
1616,'487500:-517500',487500,-517500,0.022284815,12,25
1617,'37500:-532500',37500,-532500,0.020926765,7,95
1618,'52500:-532500',52500,-532500,0.016091648,10,263
1619,'247500:-532500',247500,-532500,0.021696633,35,139
1620,'262500:-532500',262500,-532500,0.060422008,5,5
1621,'277500:-532500',277500,-532500,0.009910201,31,67
1622,'307500:-532500',307500,-532500,0.011040837,36,79
1623,'322500:-532500',322500,-532500,0.023002273,117,359
1624,'337500:-532500',337500,-532500,0.058713367,232,1895
1625,'352500:-532500',352500,-532500,0.026157669,47,117
1626,'367500:-532500',367500,-532500,0.018578562,12,59
1627,'382500:-532500',382500,-532500,0.044234325,22,96
1628,'397500:-532500',397500,-532500,0.049058812,15,95
1629,'412500:-532500',412500,-532500,0.033143108,2,2
1630,'427500:-532500',427500,-532500,0.012628989,3,8
1631,'442500:-532500',442500,-532500,0.027430911,35,157
1632,'457500:-532500',457500,-532500,0.016969697,2,2
1633,'472500:-532500',472500,-532500,0.049347286,29,53
1634,'487500:-532500',487500,-532500,0.112868317,13,37
1635,'502500:-532500',502500,-532500,0.0172146,8,21
1636,'127500:-547500',127500,-547500,0.012730004,9,96
1637,'247500:-547500',247500,-547500,0.009479095,8,26
1638,'262500:-547500',262500,-547500,0.01687468,31,91
1639,'277500:-547500',277500,-547500,0.022933555,56,129
1640,'292500:-547500',292500,-547500,0.050228007,72,178
1641,'307500:-547500',307500,-547500,0.041702459,141,465
1642,'322500:-547500',322500,-547500,0.035076473,147,639
1643,'337500:-547500',337500,-547500,0.056100558,89,317
1644,'352500:-547500',352500,-547500,0.040530162,24,76
1645,'367500:-547500',367500,-547500,0.02155393,16,69
1646,'397500:-547500',397500,-547500,0.041666667,1,1
1647,'412500:-547500',412500,-547500,0.068233327,46,350
1648,'427500:-547500',427500,-547500,0.074975834,48,186
1649,'442500:-547500',442500,-547500,0.029728446,9,23
1650,'457500:-547500',457500,-547500,0.133435346,99,1204
1651,'472500:-547500',472500,-547500,0.042905356,33,142
1652,'487500:-547500',487500,-547500,0.038859704,14,41
1653,'502500:-547500',502500,-547500,0.120301497,33,195
1654,'127500:-562500',127500,-562500,0.016447921,13,101
1655,'142500:-562500',142500,-562500,0.014537609,16,266
1656,'262500:-562500',262500,-562500,0.035796515,103,1939
1657,'277500:-562500',277500,-562500,0.027502082,95,1873
1658,'292500:-562500',292500,-562500,0.02061686,34,57
1659,'307500:-562500',307500,-562500,0.010837325,10,25
1660,'322500:-562500',322500,-562500,0.054021892,160,978
1661,'337500:-562500',337500,-562500,0.048610357,119,608
1662,'352500:-562500',352500,-562500,0.028902251,55,201
1663,'367500:-562500',367500,-562500,0.012724072,2,5
1664,'382500:-562500',382500,-562500,0.056949189,12,112
1665,'412500:-562500',412500,-562500,0.112280806,10,24
1666,'427500:-562500',427500,-562500,0.084644945,25,197
1667,'442500:-562500',442500,-562500,0.013850309,3,6
1668,'472500:-562500',472500,-562500,0.00636635,3,7
1669,'487500:-562500',487500,-562500,0.028801885,33,143
1670,'502500:-562500',502500,-562500,0.023820006,8,13
1671,'517500:-562500',517500,-562500,0.04384651,11,27
1672,'142500:-577500',142500,-577500,0.013154471,3,46
1673,'157500:-577500',157500,-577500,0.001838235,1,1
1674,'247500:-577500',247500,-577500,0.010371922,2,2
1675,'262500:-577500',262500,-577500,0.039101534,150,1644
1676,'277500:-577500',277500,-577500,0.038521977,174,9314
1677,'292500:-577500',292500,-577500,0.043759072,148,3059
1678,'307500:-577500',307500,-577500,0.014740557,36,84
1679,'322500:-577500',322500,-577500,0.015141518,106,777
1680,'337500:-577500',337500,-577500,0.018195366,27,53
1681,'352500:-577500',352500,-577500,0.007836478,3,4
1682,'367500:-577500',367500,-577500,0.036321497,21,63
1683,'382500:-577500',382500,-577500,0.038389107,47,239
1684,'397500:-577500',397500,-577500,0.02498624,19,72
1685,'412500:-577500',412500,-577500,0.068125622,23,47
1686,'427500:-577500',427500,-577500,0.100523408,17,28
1687,'442500:-577500',442500,-577500,0.050102096,19,42
1688,'457500:-577500',457500,-577500,0.010652824,6,32
1689,'472500:-577500',472500,-577500,0.054800962,13,159
1690,'487500:-577500',487500,-577500,0.026974899,15,25
1691,'502500:-577500',502500,-577500,0.037708446,16,38
1692,'262500:-592500',262500,-592500,0.021135333,18,59
1693,'277500:-592500',277500,-592500,0.024207269,43,440
1694,'292500:-592500',292500,-592500,0.012263912,9,11
1695,'307500:-592500',307500,-592500,0.031866351,30,100
1696,'322500:-592500',322500,-592500,0.006497385,17,52
1697,'337500:-592500',337500,-592500,0.019721825,33,58
1698,'352500:-592500',352500,-592500,0.049499172,67,206
1699,'367500:-592500',367500,-592500,0.024797438,16,29
1700,'382500:-592500',382500,-592500,0.192929293,3,5
1701,'397500:-592500',397500,-592500,0.051499889,8,10
1702,'262500:-607500',262500,-607500,0.003717472,1,1
1703,'277500:-607500',277500,-607500,0.035835838,44,343
